Time (hrs),Fill Percentage (%),Fill Level (cm),Day,Hour,Fill Rate (cm/hr),Previous Fill Percentage (%),Time Since Emptying (hrs),Time of Day_Morning,Time of Day_Afternoon,Time of Day_Evening
0.04197833760457105,0.07164473238992243,0.035822366194961215,0,0,-0.8083689112870364,0.0,0.0,0,0,0
0.07522942473277966,0.01788644218804167,0.008943221094020836,0,0,0.38152630876965,0.07164473238992243,0.0,0,0,0
0.11863005617165275,0.18581429360414342,0.09290714680207171,0,0,6.046071136086905,0.01788644218804167,0.043400631438873086,0,0,0
0.13458000636080972,0.4268833857541124,0.21344169287705617,0,0,5.974596780478819,0.18581429360414342,0.05935058162803006,0,0,0
0.17369692982459511,0.590678992329567,0.2953394961647835,0,0,0.753439031313544,0.4268833857541124,0.09846750509181545,0,0,0
0.1922467056823325,0.595052467310159,0.2975262336550795,0,0,2.161299396610275,0.590678992329567,0.11701728094955285,0,0,0
0.20674097899874347,0.7039904420823897,0.35199522104119485,0,0,3.172858893443717,0.595052467310159,0.1315115542659638,0,0,0
0.2302234606957165,0.8084834587110066,0.40424172935550334,0,0,5.062454499947815,0.7039904420823897,0.15499403596293684,0,0,0
0.2431478764633397,0.9797111671942298,0.4898555835971149,0,0,4.328370821116071,0.8084834587110066,0.16791845173056005,0,0,0
0.26454969018160013,1.002254401684026,0.501127200842013,0,0,4.492272249180363,0.9797111671942298,0.18932026544882047,0,0,0
0.27785124205313394,1.187331034747582,0.593665517373791,0,0,7.115270921539775,1.002254401684026,0.20262181732035428,0,0,0
0.291756259548452,1.3898094436220738,0.6949047218110369,0,0,5.787166337386191,1.187331034747582,0.21652683481567236,0,0,0
0.3381642681743716,1.4642729401487677,0.7321364700743839,0,0,-36.00845785798449,1.3898094436220738,0.26293484344159196,0,0,0
0.3498117960897747,0.41023570830049877,0.20511785415024936,0,0,-35.951870881640204,1.4642729401487677,0.0,0,0,0
0.3900732330699471,0.10255873509698887,0.05127936754849443,0,0,-0.44051854538382296,0.41023570830049877,0.0,0,0,0
0.40230593705540135,0.11690954751859518,0.05845477375929759,0,0,0.7244198827653822,0.10255873509698887,0.01223270398545423,0,0,0
0.4377564562865377,0.19659480638372717,0.09829740319186359,0,0,1.6680086370920932,0.11690954751859518,0.047683223216590576,0,0,0
0.4784720484725516,0.38331117666722236,0.19165558833361118,0,0,1.9240045385034183,0.19659480638372717,0.08839881540260447,0,0,0
0.5223973340481515,0.5173703660902751,0.25868518304513755,0,0,6.9654689800417735,0.38331117666722236,0.13232410097820435,0,0,0
0.5324438233733915,0.6823251558047359,0.3411625779023679,0,0,1.910469447263646,0.5173703660902751,0.14237059030344434,0,0,0
0.5552106553933567,0.11933630906251569,0.059668154531257844,0,0,-7.21726455042182,0.6823251558047359,0.0,0,0,0
0.592260287895574,0.20519227632905865,0.10259613816452932,0,0,1.0374682316173147,0.11933630906251569,0.03704963250221727,0,0,0
0.6321218473600144,0.27750727012612997,0.13875363506306498,0,0,1.1480845335645906,0.20519227632905865,0.07691119196665774,0,0,0
0.6471493168829524,0.3147436082222043,0.15737180411110216,0,0,1.1887636026952484,0.27750727012612997,0.09193866148959573,0,0,0
0.6863645016354134,0.397708719789696,0.198854359894848,0,0,2.2052299068091514,0.3147436082222043,0.13115384624205673,0,0,0
0.7135589564010572,0.56092560841246,0.28046280420623,0,0,2.394151679416069,0.397708719789696,0.15834830100770048,0,0,0
0.7580475532313083,0.6856279633899698,0.3428139816949849,0,0,1.0004031432318454,0.56092560841246,0.20283689783795167,0,0,0
0.796489066699983,0.7358954064392342,0.3679477032196171,0,0,0.9766185048528184,0.6856279633899698,0.2412784113066263,0,0,0
0.843846593017603,0.8660613034006696,0.43303065170033483,0,0,2.720270125179354,0.7358954064392342,0.28863593762424633,0,0,0
0.8761542838121741,1.1011649590436234,0.5505824795218117,0,0,2.233607550438604,0.8660613034006696,0.3209436284188174,0,0,0
0.9022066704786811,1.1585176309436735,0.5792588154718368,0,0,1.0686338566216778,1.1011649590436234,0.3469960150853244,0,0,0
0.9469647068297852,1.2492433275292467,0.6246216637646234,0,0,-0.2891987543702683,1.1585176309436735,0.3917540514364285,0,0,0
0.9706741812199563,1.2028069759680957,0.6014034879840479,0,0,-0.17961172401988623,1.2492433275292467,0.4154635258265996,0,0,0
1.0154880567560776,1.3221784491096666,0.6610892245548333,0,1,1.3300636789345397,1.2028069759680957,0.4602774013627209,0,0,0
1.0567077371700069,1.4316919594489557,0.7158459797244778,0,1,1.6513966737039745,1.3221784491096666,0.5014970817766502,0,0,0
1.0933622694280432,1.5738096052694477,0.7869048026347238,0,1,2.7236340218030293,1.4316919594489557,0.5381516140346865,0,0,0
1.111969573534372,1.6899989648609144,0.8449994824304572,0,1,3.25796046692434,1.5738096052694477,0.5567589181410153,0,0,0
1.1445114153549059,1.9174981172018313,0.9587490586009156,0,1,2.410727482228138,1.6899989648609144,0.5893007599615492,0,0,0
1.1754345892394906,2.00284146252145,1.001420731260725,0,1,2.5209084559180184,1.9174981172018313,0.620223933846134,0,0,0
1.2087676057626238,2.2528929742857353,1.1264464871428677,0,1,3.5877301335517338,2.00284146252145,0.6535569503692671,0,0,0
1.2326312861462274,2.4185536721882372,1.2092768360941186,0,1,3.37942380860423,2.2528929742857353,0.6774206307528707,0,0,0
1.2585667896476287,2.5886863826077504,1.2943431913038752,0,1,1.8649221870745336,2.4185536721882372,0.703356134254272,0,0,0
1.2951846694411209,2.5789542954685625,1.2894771477342812,0,1,0.601663387721608,2.5886863826077504,0.7399740140477642,0,0,0
1.3434333196828143,2.730409297477309,1.3652046487386544,0,1,1.5627505502622618,2.5789542954685625,0.7882226642894576,0,0,0
1.373063178131502,2.82277088915722,1.41138544457861,0,1,1.3584155871407564,2.730409297477309,0.8178525227381452,0,0,0
1.420622997848631,2.921420381455644,1.460710190727822,0,1,1.877058787678763,2.82277088915722,0.8654123424552744,0,0,0
1.4582887541946115,3.1129334193870535,1.5564667096935267,0,1,0.6154665996520094,2.921420381455644,0.9030780988012548,0,0,0
1.471289422986045,3.1116441015447505,1.5558220507723752,0,1,0.9687573190609804,3.1129334193870535,0.9160787675926882,0,0,0
1.5002413002515111,3.2990531509149523,1.6495265754574762,0,1,2.7467978958696335,3.1116441015447505,0.9450306448581545,0,0,0
1.5143815443397708,3.3699691608927718,1.6849845804463859,0,1,3.005901178883139,3.2990531509149523,0.9591708889464141,0,0,0
1.5403085533144285,3.573214941620055,1.7866074708100277,0,1,1.7281929626319794,3.3699691608927718,0.9850978979210718,0,0,0
1.5526685179869741,3.590111340326331,1.7950556701631655,0,1,2.4756529281813613,3.573214941620055,0.9974578625936175,0,0,0
1.5646794324445799,3.691415762559324,1.845707881279662,0,1,2.988896073316205,3.590111340326331,1.0094687770512232,0,0,0
1.586562861262332,3.7242849376659883,1.8621424688329942,0,1,1.1905371993607083,3.691415762559324,1.0313522058689752,0,0,0
1.6252105732354303,3.8763080986324527,1.9381540493162264,0,1,2.3576504685336417,3.7242849376659883,1.0699999178420736,0,0,0
1.6463941646417368,3.9852720014931426,1.992636000746571,0,1,4.5970466349331645,3.8763080986324527,1.0911835092483801,0,0,0
1.6613951930012703,4.166218781998609,2.0831093909993044,0,1,4.9470809968526765,3.9852720014931426,1.1061845376079136,0,0,0
1.6947283753877773,4.335432948845015,2.1677164744225075,0,1,2.9763561200483366,4.166218781998609,1.1395177199944206,0,0,0
1.72239655838719,4.520257925273891,2.2601289626369456,0,1,2.5602883597657353,4.335432948845015,1.1671859029938334,0,0,0
1.7446514557985566,4.606300052333071,2.3031500261665356,0,1,0.6243066066502934,4.520257925273891,1.1894408004052,0,0,0
1.7602783452383808,4.597089483493277,2.2985447417466385,0,1,1.9851326959137836,4.606300052333071,1.205067689845024,0,0,0
1.7848934807688936,4.8716112344593565,2.4358056172296783,0,1,3.9823591171646697,4.597089483493277,1.229682825375537,0,0,0
1.8260264002847766,4.980107667812141,2.4900538339060705,0,1,1.5110390918294954,4.8716112344593565,1.27081574489142,0,0,0
1.8578649962611413,5.085799085678714,2.542899542839357,0,1,0.9059954450307295,4.980107667812141,1.3026543408677846,0,0,0
1.9005405386725662,5.07688989146557,2.538444945732785,0,1,0.48321396781985015,5.085799085678714,1.3453298832792095,0,0,0
1.9437975891383457,5.170222825252089,2.5851114126260444,0,1,2.576820202198107,5.07688989146557,1.388586933744989,0,0,0
1.9721948753517942,5.372424305486795,2.6862121527433973,0,1,2.7003347132798154,5.170222825252089,1.4169842199584375,0,0,0
2.013053746120188,5.491985375365302,2.745992687682651,0,2,3.04461597763391,5.372424305486795,1.4578430907268314,0,0,0
2.0424392444322716,5.737767790545122,2.868883895272561,0,2,3.5433611196039863,5.491985375365302,1.487228589038915,0,0,0
2.077481580364173,5.93272503373196,2.96636251686598,0,2,2.8028018095971277,5.737767790545122,1.5222709249708162,0,0,0
2.088707054349804,5.995802076130021,2.9979010380650104,0,2,2.509122985822561,5.93272503373196,1.5334963989564474,0,0,0
2.137014350408232,6.113312457929814,3.056656228964907,0,2,2.9889644990585964,5.995802076130021,1.5818036950148753,0,0,0
2.1518941231804,6.218512233436473,3.1092561167182367,0,2,3.5348457764170504,6.113312457929814,1.5966834677870434,0,0,0
2.1865555192776744,6.4635338910872555,3.231766945543628,0,2,1.4993362390184046,6.218512233436473,1.6313448638843178,0,0,0
2.218379009768386,6.440035326491185,3.2200176632455926,0,2,1.9707076943442416,6.4635338910872555,1.6631683543750295,0,0,0
2.244343131120949,6.641506044383857,3.320753022191929,0,2,3.4768242088863204,6.440035326491185,1.6891324757275923,0,0,0
2.2795816406148335,6.847997923874413,3.4239989619372064,0,2,4.469513415551461,6.641506044383857,1.7243709852214768,0,0,0
2.3022036341087695,7.094934373892854,3.5474671869464274,0,2,3.678732323668438,6.847997923874413,1.7469929787154128,0,0,0
2.3446276773537114,7.123970096477475,3.5619850482387374,0,2,0.5214300830258622,7.094934373892854,1.7894170219603547,0,0,0
2.3687693812173736,7.154070817504405,3.577035408752203,0,2,1.1330647591678442,7.123970096477475,1.813558725824017,0,0,0
2.3971952560851766,7.252603637667245,3.6263018188336225,0,2,1.4706389167031801,7.154070817504405,1.84198460069182,0,0,0
2.4161291929993682,7.3016721770177515,3.6508360885088753,0,2,1.4571941952544734,7.252603637667245,1.8609185376060116,0,0,0
2.452878240415548,7.431799012440557,3.7158995062202784,0,2,2.1143127556266847,7.3016721770177515,1.8976675850221913,0,0,0
2.4778096114546257,7.548855649060165,3.774427824530083,0,2,2.693405703334676,7.431799012440557,1.922598956061269,0,0,0
2.5099381337071343,7.7505628466210394,3.8752814233105197,0,2,5.154171037326307,7.548855649060165,1.9547274783137776,0,0,0
2.529964457953141,8.007309285327965,4.0036546426639825,0,2,4.2699657880149005,7.7505628466210394,1.9747538025597842,0,0,0
2.5458536329445756,8.08903856811446,4.04451928405723,0,2,2.419008531623021,8.007309285327965,1.9906429775512189,0,0,0
2.5669412734029167,8.18250558305328,4.09125279152664,0,2,2.190899922464098,8.08903856811446,2.01173061800956,0,0,0
2.606329715366208,8.351381551227723,4.1756907756138615,0,2,2.5952074133121243,8.18250558305328,2.0511190599728515,0,0,0
2.62167068351084,8.436402741084393,4.218201370542197,0,2,2.4317692204193833,8.351381551227723,2.066460028117483,0,0,0
2.6484437510232364,8.534909188177199,4.2674545940885995,0,2,2.3962858848906308,8.436402741084393,2.0932330956298797,0,0,0
2.678488802903692,8.716437963604799,4.358218981802399,0,2,2.2602860161638603,8.534909188177199,2.1232781475103355,0,0,0
2.7238331051504963,8.817310419720293,4.408655209860147,0,2,5.616033990732291,8.716437963604799,2.1686224497571396,0,0,0
2.7390259644940427,9.033809782056906,4.516904891028453,0,2,5.659350072740541,8.817310419720293,2.183815309100686,0,0,0
2.7805660968113877,9.171049014446316,4.585524507223158,0,2,0.6763781123209185,9.033809782056906,2.225355441418031,0,0,0
2.803512857208715,9.177359697203292,4.588679848601646,0,2,1.1879249778223198,9.171049014446316,2.2483022018153584,0,0,0
2.816588584793827,9.224078839972135,4.6120394199860675,0,2,2.126894249265291,9.177359697203292,2.2613779294004703,0,0,0
2.844517026140113,9.383493124460477,4.691746562230239,0,2,3.8398548844390348,9.224078839972135,2.2893063707467562,0,0,0
2.864835589763699,9.568680686056778,4.784340343028389,0,2,3.6746986148370198,9.383493124460477,2.3096249343703423,0,0,0
2.9140869790537196,9.71995990243656,4.85997995121828,0,2,1.7254329085584743,9.568680686056778,2.358876323660363,0,0,0
2.9568390345198683,9.8815672294407,4.94078361472035,0,2,3.032743501435249,9.71995990243656,2.4016283791265116,0,0,0
2.9844660705295785,10.08993958957578,5.04496979478789,0,2,5.564156983939938,9.8815672294407,2.429255415136222,0,0,0
3.0082429862755373,10.427917718227626,5.213958859113813,0,3,4.392455423342263,10.08993958957578,2.4530323308821806,0,0,0
3.0526166422902703,10.368095463767201,5.1840477318836005,0,3,0.027765450299114036,10.427917718227626,2.4974059868969136,0,0,0
3.091377610560328,10.417773952437601,5.208886976218801,0,3,1.3724801594439455,10.368095463767201,2.5361669551669714,0,0,0
3.1396229712272996,10.638077278101004,5.319038639050502,0,3,1.904912837051583,10.417773952437601,2.584412315833943,0,0,0
3.1834820186036157,10.775010376546245,5.387505188273122,0,3,6.348367980720923,10.638077278101004,2.628271363210259,0,0,0
3.1939383163595947,10.931639345771625,5.465819672885813,0,3,6.5567652755669315,10.775010376546245,2.638727660966238,0,0,0
3.2302088263547843,11.172522236622555,5.586261118311278,0,3,4.384841717253039,10.931639345771625,2.6749981709614277,0,0,0
3.2415292108174176,11.279318480753863,5.639659240376932,0,3,5.289228448188652,11.172522236622555,2.686318555424061,0,0,0
3.2555936253349036,11.448096459759272,5.724048229879636,0,3,4.3315975866636975,11.279318480753863,2.700382969941547,0,0,0
3.2923483397733415,11.445970217053675,5.722985108526838,0,3,0.6958479112465525,11.448096459759272,2.737137684379985,0,0,0
3.3397949334313726,11.600784241681474,5.800392120840737,0,3,1.167435238728558,11.445970217053675,2.784584278038016,0,0,0
3.3732849487476817,11.657041307820748,5.828520653910374,0,3,2.2280942917363973,11.600784241681474,2.818074293354325,0,0,0
3.3991696778602862,11.827934139029004,5.913967069514502,0,3,4.556226430690572,11.657041307820748,2.8439590224669296,0,0,0
3.420883056977917,12.071520988053242,6.035760494026621,0,3,3.982254728535466,11.827934139029004,2.8656724015845603,0,0,0
3.4554465240175616,12.167784908552937,6.0838924542764685,0,3,1.3502925546768623,12.071520988053242,2.900235868624205,0,0,0
3.497796839586727,12.277768123670503,6.138884061835252,0,3,1.3008698741180638,12.167784908552937,2.9425861841933703,0,0,0
3.5225619186366672,12.342269243910978,6.171134621955489,0,3,2.582016022390519,12.277768123670503,2.9673512632433106,0,0,0
3.5425920668357165,12.487170979247113,6.243585489623556,0,3,3.6858209897670307,12.342269243910978,2.98738141144236,0,0,0
3.5822734356164334,12.79049384277797,6.395246921388985,0,3,2.788768088896745,12.487170979247113,3.0270627802230767,0,0,0
3.600194400723003,12.873724067704117,6.436862033852059,0,3,3.4942600004146698,12.79049384277797,3.044983745329646,0,0,0
3.6140384788105964,12.995544370728588,6.497772185364294,0,3,3.627120208056226,12.873724067704117,3.0588278234172397,0,0,0
3.6469803170258013,13.113391335820701,6.5566956679103505,0,3,0.38904877346355704,12.995544370728588,3.0917696616324446,0,0,0
3.67538910941769,13.066913939315194,6.533456969657597,0,3,4.097417766164824,13.113391335820701,3.1201784540243334,0,0,0
3.6916543329197964,13.291754840685424,6.645877420342712,0,3,5.649294623518443,13.066913939315194,3.1364436775264397,0,0,0
3.7076128385119564,13.432530832421563,6.716265416210781,0,3,3.662461075608064,13.291754840685424,3.1524021831185998,0,0,0
3.736661694309543,13.566183580809657,6.7830917904048285,0,3,2.037195447836581,13.432530832421563,3.1814510389161863,0,0,0
3.7629009236881474,13.66061195653003,6.830305978265015,0,3,0.8874903347645784,13.566183580809657,3.2076902682947908,0,0,0
3.8039314929732555,13.616427601558772,6.808213800779386,0,3,0.04915162451960953,13.66061195653003,3.248720837579899,0,0,0
3.852274803576329,13.688116717554696,6.844058358777348,0,3,1.2512116031780351,13.616427601558772,3.2970641481829723,0,0,0
3.889280522239292,13.80960028721735,6.904800143608674,0,3,0.8916931673550721,13.688116717554696,3.3340698668459354,0,0,0
3.917048749316121,13.827878363817304,6.913939181908651,0,3,0.9173866381395186,13.80960028721735,3.3618380939227643,0,0,0
3.961689136321427,13.994216513063556,6.997108256531779,0,3,4.734776158379759,13.827878363817304,3.40647848092807,0,0,0
3.9852126741312803,14.288168023825559,7.1440840119127795,0,3,3.7439628516654295,13.994216513063556,3.4300020187379237,0,0,0
4.010963349434405,14.339814549957893,7.1699072749789465,0,4,1.8516750970894549,14.288168023825559,3.4557526940410486,0,0,0
4.045674532195937,14.547797661170636,7.273898830585319,0,4,3.0798341580649975,14.339814549957893,3.4904638768025804,0,0,0
4.080550596660051,14.768504394048307,7.3842521970241535,0,4,2.6959861400558296,14.547797661170636,3.525339941266694,0,0,0
4.130475632265029,14.97078059771573,7.485390298857864,0,4,1.3676179040847671,14.768504394048307,3.5752649768716727,0,0,0
4.152759933601777,15.018639931684778,7.509319965842389,0,4,1.1526624037685806,14.97078059771573,3.59754927820842,0,0,0
4.194135093567718,15.126134295938796,7.563067147969397,0,4,0.7787197225309512,15.018639931684778,3.6389244381743615,0,0,0
4.242719880794633,15.142435116983554,7.571217558491778,0,4,2.2319383529085712,15.126134295938796,3.6875092254012762,0,0,0
4.271417843274876,15.340520225757956,7.670260112878978,0,4,2.9317047505573868,15.142435116983554,3.7162071878815195,0,0,0
4.314862099818951,15.526918845732984,7.763459422866492,0,4,1.8188210125396154,15.340520225757956,3.7596514444255944,0,0,0
4.362327988345174,15.665724432609974,7.832862216304987,0,4,0.9538545844322073,15.526918845732984,3.8071173329518175,0,0,0
4.386961902304561,15.699721833096705,7.849860916548352,0,4,2.9509895377664748,15.665724432609974,3.8317512469112045,0,0,0
4.400058572867518,15.808503333705968,7.904251666852984,0,4,5.091820699150816,15.699721833096705,3.8448479174741617,0,0,0
4.4184308784991755,16.043991826774313,8.021995913387157,0,4,4.327825331561328,15.808503333705968,3.863220223105819,0,0,0
4.444864281370619,16.114506072974322,8.057253036487161,0,4,1.901059877452596,16.043991826774313,3.8896536259772625,0,0,0
4.487658252544435,16.355812857216655,8.177906428608328,0,4,3.28775857054535,16.114506072974322,3.932447597151078,0,0,0
4.506102431511854,16.484539214886027,8.242269607443014,0,4,2.771101938335974,16.355812857216655,3.9508917761184974,0,0,0
4.533388413589737,16.577755724753494,8.288877862376747,0,4,1.7252401051253656,16.484539214886027,3.9781777581963804,0,0,0
4.579602264515942,16.739892740221563,8.369946370110782,0,4,1.4028908874538644,16.577755724753494,4.024391609122585,0,0,0
4.628789148497496,16.841117124642736,8.420558562321368,0,4,4.343149511507477,16.739892740221563,4.07357849310414,0,0,0
4.648570429318814,17.065674069128143,8.532837034564071,0,4,4.636927052500141,16.841117124642736,4.093359773925457,0,0,0
4.672173124218073,17.226036782789475,8.613018391394737,0,4,4.43601417288113,17.065674069128143,4.116962468824717,0,0,0
4.690364505227587,17.416563079324845,8.708281539662423,0,4,4.344381119700245,17.226036782789475,4.13515384983423,0,0,0
4.736883722790577,17.608453392922886,8.804226696461443,0,4,2.173078389462887,17.416563079324845,4.18167306739722,0,0,0
4.769728294385919,17.756330333120417,8.878165166560208,0,4,2.383447148027699,17.608453392922886,4.214517638992563,0,0,0
4.800149646068385,17.908800443220255,8.954400221610127,0,4,2.6340399190701334,17.756330333120417,4.244938990675028,0,0,0
4.833303679052591,18.092713284506896,9.046356642253448,0,4,1.7964635940728897,17.908800443220255,4.278093023659235,0,0,0
4.86064656237409,18.146884305374172,9.073442152687086,0,4,1.197197315137359,18.092713284506896,4.305435906980733,0,0,0
4.901673276777983,18.270555733340235,9.135277866670117,0,4,0.6661631542854991,18.146884305374172,4.346462621384626,0,0,0
4.940086839348718,18.261235798454248,9.130617899227124,0,4,0.44103624105875383,18.270555733340235,4.384876183955361,0,0,0
4.976206079551737,18.331292368909025,9.165646184454513,0,4,1.3136121949363826,18.261235798454248,4.420995424158381,0,0,0
5.019024728464236,18.478691272417606,9.239345636208803,0,5,2.465554928310553,18.331292368909025,4.46381407307088,1,0,0
5.044648851877637,18.627875027191504,9.313937513595752,0,5,1.8792564861278436,18.478691272417606,4.489438196484281,1,0,0
5.088048904062695,18.639312661220714,9.319656330610357,0,5,1.4862919935652315,18.627875027191504,4.5328382486693375,1,0,0
5.120687538425761,18.80282887032368,9.40141443516184,0,5,2.4539153184228724,18.639312661220714,4.565476883032405,1,0,0
5.151626987039848,18.95168095654894,9.47584047827447,0,5,1.519438801709157,18.80282887032368,4.596416331646491,1,0,0
5.169762023174983,18.987953016087932,9.493976508043966,0,5,6.955126953157389,18.95168095654894,4.614551367781626,1,0,0
5.181833834868659,19.251581937867776,9.625790968933888,0,5,8.34404488875019,18.987953016087932,4.6266231794753025,1,0,0
5.217914614937469,19.298293580740307,9.649146790370153,0,5,1.2076055243730082,19.251581937867776,4.662703959544112,1,0,0
5.26742624940186,19.494008473866707,9.747004236933353,0,5,1.4181804783039098,19.298293580740307,4.712215594008503,1,0,0
5.313160074469171,19.576558433704275,9.788279216852137,0,5,1.7059651849824604,19.494008473866707,4.757949419075814,1,0,0
5.345246293799087,19.72220818807638,9.86110409403819,0,5,5.34226758251333,19.576558433704275,4.79003563840573,1,0,0
5.360370752282076,19.927616466524245,9.963808233262123,0,5,5.666327369901637,19.72220818807638,4.80516009688872,1,0,0
5.402927071913396,20.140646267705467,10.070323133852733,0,5,1.719005087003623,19.927616466524245,4.84771641652004,1,0,0
5.447827133782705,20.220740880894176,10.110370440447088,0,5,0.7485114451343406,20.140646267705467,4.892616478389348,1,0,0
5.475446309420717,20.257214575491105,10.128607287745552,0,5,3.416762479050533,20.220740880894176,4.92023565402736,1,0,0
5.4926389026258,20.43370095306747,10.216850476533734,0,5,4.937395103868113,20.257214575491105,4.937428247232443,1,0,0
5.522347011602651,20.70701794213587,10.353508971067935,0,5,8.843908174019475,20.43370095306747,4.967136356209295,1,0,0
5.535020254503403,20.977067221200404,10.488533610600202,0,5,6.489664864232083,20.70701794213587,4.979809599110046,1,0,0
5.555934443669392,20.96104301291691,10.480521506458455,0,5,2.7439917850083475,20.977067221200404,5.000723788276035,1,0,0
5.574812611197699,21.171219396440257,10.585609698220129,0,5,4.988676321041794,20.96104301291691,5.019601955804342,1,0,0
5.592461344067061,21.328234560095492,10.664117280047746,0,5,3.385861798276977,21.171219396440257,5.037250688673705,1,0,0
5.633129585750175,21.404493609693066,10.702246804846533,0,5,0.2970618494152859,21.328234560095492,5.077918930356818,1,0,0
5.6466759081215585,21.406761566686043,10.703380783343022,0,5,0.735997786593714,21.404493609693066,5.091465252728202,1,0,0
5.691569722027542,21.666942615296563,10.833471307648281,0,5,2.6830752370943003,21.406761566686043,5.136359066634185,1,0,0
5.725449649935507,21.83777035290633,10.918885176453164,0,5,3.299695940298392,21.666942615296563,5.170238994542151,1,0,0
5.752403658074289,22.049043752449396,11.024521876224698,0,5,2.340643082796646,21.83777035290633,5.197193002680933,1,0,0
5.789365927000026,22.06205652507947,11.031028262539735,0,5,1.192722026081242,22.049043752449396,5.234155271606669,1,0,0
5.823504269621665,22.20760470575223,11.103802352876116,0,5,3.8062596924253853,22.06205652507947,5.268293614228309,1,0,0
5.846567008186505,22.435349691279256,11.217674845639628,0,5,3.5275342852402787,22.20760470575223,5.291356352793148,1,0,0
5.869624921153927,22.533016277872985,11.266508138936493,0,5,2.8167653552274317,22.435349691279256,5.31441426576057,1,0,0
5.89406821384439,22.706938573494824,11.353469286747412,0,5,2.130711681675166,22.533016277872985,5.338857558451034,1,0,0
5.927905585333674,22.717451442026572,11.358725721013286,0,5,0.06080080475352645,22.706938573494824,5.372694929940318,1,0,0
5.974703986002856,22.710903767574113,11.355451883787056,0,5,0.9603923444071825,22.717451442026572,5.4194933306095,1,0,0
6.015980851029554,22.865211104253444,11.432605552126722,0,6,5.676651699955983,22.710903767574113,5.460770195636197,1,0,0
6.030738773527289,23.07294237831145,11.536471189155725,0,6,5.676700537459453,22.865211104253444,5.475528118133932,1,0,0
6.054617956052241,23.238860022823314,11.619430011411657,0,6,3.964658093868593,23.07294237831145,5.499407300658884,1,0,0
6.070754680687649,23.377511792355396,11.688755896177698,0,6,2.7574136030172838,23.238860022823314,5.515544025294293,1,0,0
6.097494110066793,23.388615822788243,11.694307911394121,0,6,0.31751090688020156,23.377511792355396,5.542283454673436,1,0,0
6.1411503811683055,23.432001598630126,11.716000799315063,0,6,4.371981961215056,23.388615822788243,5.585939725774949,1,0,0
6.1574079374765205,23.62107887337277,11.810539436686385,0,6,3.4494309863601416,23.432001598630126,5.602197282083164,1,0,0
6.188072809584817,23.558976607101958,11.779488303550979,0,6,0.6644810007926765,23.62107887337277,5.632862154191461,1,0,0
6.221306976695087,23.723955947033303,11.861977973516652,0,6,0.9032936932534312,23.558976607101958,5.66609632130173,1,0,0
6.237573189582123,23.728203752783138,11.864101876391569,0,6,0.6609640443080025,23.723955947033303,5.682362534188766,1,0,0
6.2871634936261405,23.954132783671756,11.977066391835878,0,6,2.3583992646140928,23.728203752783138,5.731952838232784,1,0,0
6.3279872097807885,24.152096944172573,12.076048472086287,0,6,2.3588425766133696,23.954132783671756,5.772776554387432,1,0,0
6.3464246941680855,24.2379836944097,12.11899184720485,0,6,4.672332793647115,24.152096944172573,5.791214038774729,1,0,0
6.363870242094241,24.478364759921085,12.239182379960543,0,6,4.154484018383698,24.2379836944097,5.808659586700884,1,0,0
6.383936813443242,24.51884289201356,12.25942144600678,0,6,0.589619177602728,24.478364759921085,5.828726158049886,1,0,0
6.4195874129193395,24.507809592796747,12.253904796398373,0,6,1.3984764409183867,24.51884289201356,5.864376757525983,1,0,0
6.444794377799366,24.633677482281,12.3168387411405,0,6,3.3527152498150485,24.507809592796747,5.889583722406009,1,0,0
6.466569624526487,24.81189485113285,12.405947425566424,0,6,1.7641581109774052,24.633677482281,5.911358969133131,1,0,0
6.489525513355005,24.780210678507586,12.390105339253793,0,6,-0.1974586079208649,24.81189485113285,5.934314857961649,1,0,0
6.534647949125315,24.849780819773976,12.424890409886988,0,6,2.1388832446325523,24.780210678507586,5.979437293731959,1,0,0
6.556086438547922,24.969357639201625,12.484678819600813,0,6,1.5368387459553645,24.849780819773976,6.000875783154566,1,0,0
6.600541543722863,24.87517367549597,12.437586837747984,0,6,0.3696705275334011,24.969357639201625,6.045330888329506,1,0,0
6.642551323977764,25.01969176137774,12.509845880688868,0,6,2.4930302310343677,24.87517367549597,6.087340668584407,1,0,0
6.6573477578401805,25.101524436168184,12.550762218084092,0,6,2.6991008511290744,25.01969176137774,6.102137102446823,1,0,0
6.69242345786556,25.279864099465126,12.639932049732565,0,6,2.052371562054873,25.101524436168184,6.137212802472204,1,0,0
6.706730499465625,25.332873712744746,12.666436856372373,0,6,1.765291849043365,25.279864099465126,6.1515198440722685,1,0,0
6.740733040035041,25.438816260900754,12.719408130450377,0,6,-277.2870436693337,25.332873712744746,6.1855223846416845,1,0,0
6.762973573734344,4.991974223378808,2.495987111689404,0,6,-281.6694271957304,25.438816260900754,0.0,1,0,0
6.798194929981289,5.008207175139108,2.504103587569554,0,6,0.16169947127111328,4.991974223378808,0.03522135624694478,1,0,0
6.840463578887232,5.014902755058136,2.507451377529068,0,6,1.2072820361106338,5.008207175139108,0.07749000515288795,1,0,0
6.885034983324701,5.228561851386975,2.6142809256934876,0,6,3.542471433093773,5.014902755058136,0.12206140959035672,1,0,0
6.917795230164594,5.515838647303437,2.7579193236517185,0,6,3.589348789367051,5.228561851386975,0.1548216564302498,1,0,0
6.93157868281411,5.605562999073464,2.802781499536732,0,6,3.5534242657246224,5.515838647303437,0.168605109079766,1,0,0
6.963352265861854,5.875120332586902,2.937560166293451,0,6,3.4932380833314767,5.605562999073464,0.2003786921275097,1,0,0
6.986400936723188,6.011116468171555,3.0055582340857776,0,6,2.4513785699557715,5.875120332586902,0.22342736298884347,1,0,0
7.025428631109351,6.136531694650728,3.068265847325364,0,7,1.5245173069793196,6.011116468171555,0.2624550573750071,1,0,0
7.047978888007378,6.20314538513405,3.101572692567025,0,7,1.4602030729420221,6.136531694650728,0.2850053142730342,1,0,0
7.0854159292741805,6.310388204117761,3.15519410205888,0,7,1.8003687464543958,6.20314538513405,0.32244235553983636,1,0,0
7.129176527869021,6.5056128265604,3.2528064132802004,0,7,1.626277036312537,6.310388204117761,0.3662029541346765,1,0,0
7.163236314755861,6.5843536920362125,3.2921768460181062,0,7,1.8186955333672827,6.5056128265604,0.4002627410215167,1,0,0
7.211623342975023,6.85147579181888,3.42573789590944,0,7,1.7884224513997609,6.5843536920362125,0.4486497692406788,1,0,0
7.246123267638507,6.927065044768139,3.46353252238407,0,7,1.1205490074683873,6.85147579181888,0.4831496939041626,1,0,0
7.295326559576173,7.040850140476511,3.520425070238255,0,7,2.5056755439057383,6.927065044768139,0.532352985841829,1,0,0
7.309961933019291,7.125941684804067,3.5629708424020334,0,7,1.850608778010752,7.040850140476511,0.5469883592849465,1,0,0
7.323534495686854,7.149581966516746,3.5747909832583735,0,7,1.2126197954470719,7.125941684804067,0.5605609219525096,1,0,0
7.361146611524958,7.312038553914041,3.6560192769570206,0,7,2.5491269377385493,7.149581966516746,0.5981730377906143,1,0,0
7.386835822152543,7.456676723240021,3.7283383616200103,0,7,3.002813061969519,7.312038553914041,0.6238622484181988,1,0,0
7.424666021242935,7.704779404372294,3.8523897021861475,0,7,2.385717765207133,7.456676723240021,0.6616924475085906,1,0,0
7.448512725422239,7.791701834498234,3.895850917249117,0,7,1.712612006257615,7.704779404372294,0.6855391516878946,1,0,0
7.49093882927861,7.9204280443203405,3.9602140221601703,0,7,1.9688390903539528,7.791701834498234,0.7279652555442659,1,0,0
7.538487332939328,8.155808391395267,4.077904195697633,0,7,2.302985447790661,7.9204280443203405,0.7755137592049834,1,0,0
7.575418011390109,8.31603273399193,4.158016366995965,0,7,3.0765188587247394,8.155808391395267,0.8124444376557651,1,0,0
7.595824122831432,8.46205182410511,4.231025912052555,0,7,4.652146599852017,8.31603273399193,0.8328505490970874,1,0,0
7.612802864558455,8.650380885652933,4.325190442826466,0,7,4.242133841223271,8.46205182410511,0.8498292908241112,1,0,0
7.651025325755812,8.750280620334602,4.375140310167301,0,7,2.9914226274421196,8.650380885652933,0.8880517520214681,1,0,0
7.665336100397861,8.853952179719961,4.426976089859981,0,7,3.391891612919178,8.750280620334602,0.9023625266635165,1,0,0
7.71078251444557,9.095787406563097,4.547893703281549,0,7,5.559644424965086,8.853952179719961,0.9478089407112256,1,0,0
7.724549692519948,9.27304915408786,4.63652457704393,0,7,5.006587688665039,9.095787406563097,0.9615761187856036,1,0,0
7.770031114145281,9.298363065496593,4.649181532748297,0,7,3.601295225234537,9.27304915408786,1.007057540410937,1,0,0
7.782433329070795,9.41016748549951,4.705083742749755,0,7,3.6289078799450145,9.298363065496593,1.0194597553364506,1,0,0
7.821705683219294,9.47669414883494,4.73834707441747,0,7,-102.85900213906848,9.41016748549951,1.05873210948495,1,0,0
7.8453845208437505,1.6443313841006995,0.8221656920503497,0,7,-105.57709115783707,9.47669414883494,0.0,1,0,0
7.888233941392371,1.8719593491287903,0.9359796745643951,0,7,3.0038371211754136,1.6443313841006995,0.04284942054862029,1,0,0
7.92175276037277,2.091562816859362,1.045781408429681,0,7,5.084539011196092,1.8719593491287903,0.07636823952901928,1,0,0
7.934376346518054,2.237131014035287,1.1185655070176435,0,7,3.1655409106780503,2.091562816859362,0.0889918256743032,1,0,0
7.949873680587738,2.2363074845316913,1.1181537422658456,0,7,1.802180366967825,2.237131014035287,0.10448915974398787,1,0,0
7.966280610863072,2.3589744545420115,1.1794872272710057,0,7,1.9548853004683213,2.2363074845316913,0.12089609001932189,1,0,0
7.997341934772208,2.2706743937634313,1.1353371968817156,0,7,1.5930796653408876,2.3589744545420115,0.15195741392845719,1,0,0
8.010818054080351,2.3488606844767848,1.1744303422383924,0,8,3.0583179124048208,2.2706743937634313,0.16543353323660082,1,0,0
8.041297536947582,2.556993545569799,1.2784967727848995,0,8,2.1516866941051127,2.3488606844767848,0.19591301610383116,1,0,0
8.089114210885185,2.5733337210014553,1.2866668605007276,0,8,0.9075521871830183,2.556993545569799,0.24372969004143474,1,0,0
8.119923924725606,2.6585055262772173,1.3292527631386086,0,8,1.5968391489068399,2.5733337210014553,0.2745394038818558,1,0,0
8.168594358299302,2.84694480844276,1.42347240422138,0,8,0.9081914086039866,2.6585055262772173,0.32320983745555143,1,0,0
8.209067920126865,2.8512827660137683,1.4256413830068841,0,8,2.623499664362633,2.84694480844276,0.3636833992831141,1,0,0
8.231201052984254,3.0296255865525885,1.5148127932762943,0,8,2.8422911783974083,2.8512827660137683,0.3858165321405034,1,0,0
8.269993732045041,3.0887911054272457,1.5443955527136228,0,8,0.6168521734073593,3.0296255865525885,0.42460921120129047,1,0,0
8.289131721891428,3.1096498203321965,1.5548249101660983,0,8,3.3381475960898257,3.0887911054272457,0.4437472010476773,1,0,0
8.300453004302337,3.222647315616144,1.611323657808072,0,8,5.556169347790458,3.1096498203321965,0.45506848345858675,1,0,0
8.315840339697536,3.417297509517557,1.7086487547587785,0,8,4.792551682086325,3.222647315616144,0.47045581885378507,1,0,0
8.356559163714016,3.477338807269347,1.7386694036346735,0,8,3.0101576665043055,3.417297509517557,0.511174642870265,1,0,0
8.375658686471786,3.6330486977177565,1.8165243488588783,0,8,3.1639377611715034,3.477338807269347,0.5302741656280352,1,0,0
8.425115548615441,3.71232803784409,1.856164018922045,0,8,4.702949620389745,3.6330486977177565,0.5797310277716905,1,0,0
8.436767799164807,3.8433493930789866,1.9216746965394933,0,8,4.846852899794323,3.71232803784409,0.5913832783210564,1,0,0
8.47471554830781,4.019575568081482,2.009787784040741,0,8,1.6917412762301254,3.8433493930789866,0.6293310274640591,1,0,0
8.507822379831392,4.095186264006352,2.047593132003176,0,8,1.329875660016107,4.019575568081482,0.6624378589876416,1,0,0
8.55663276443484,4.252061326647585,2.1260306633237924,0,8,3.8732093809359824,4.095186264006352,0.711248243591089,1,0,0
8.582038477883303,4.5088000430299875,2.2544000215149937,0,8,3.776768317735307,4.252061326647585,0.7366539570395529,1,0,0
8.615982853627035,4.6494591207166565,2.3247295603583282,0,8,2.00096771180781,4.5088000430299875,0.7705983327832842,1,0,0
8.662465362386262,4.826448470555827,2.4132242352779136,0,8,2.860714195046569,4.6494591207166565,0.8170808415425119,1,0,0
8.673543446718574,4.894883715957475,2.4474418579787374,0,8,2.8437702711971156,4.826448470555827,0.8281589258748232,1,0,0
8.696577404321499,5.002422992420769,2.5012114962103844,0,8,2.06387215101482,4.894883715957475,0.851192883477748,1,0,0
8.72568848321624,5.102682465898278,2.551341232949139,0,8,1.776782128761507,5.002422992420769,0.8803039623724898,1,0,0
8.77476894721849,5.286156694533373,2.6430783472666866,0,8,3.2375577292433775,5.102682465898278,0.9293844263747397,1,0,0
8.790079252638227,5.3983638800655,2.69918194003275,0,8,4.4258624573658665,5.286156694533373,0.9446947317944767,1,0,0
8.807584525271057,5.583795629118519,2.7918978145592597,0,8,4.093130542172148,5.3983638800655,0.9622000044273067,1,0,0
8.83119126210496,5.7004312441149265,2.8502156220574633,0,8,2.7626824442370967,5.583795629118519,0.9858067412612099,1,0,0
8.8696420707828,5.949498126366368,2.974749063183184,0,8,2.8930351528085794,5.7004312441149265,1.0242575499390503,1,0,0
8.889890945694566,6.05928604774663,3.029643023873315,0,8,2.1686830329902094,5.949498126366368,1.0445064248508151,1,0,0
8.91734081147124,6.1379878044955465,3.0689939022477732,0,8,1.4330676095527508,6.05928604774663,1.0719562906274893,1,0,0
8.938565968916933,6.19880599436563,3.099402997182815,0,8,2.31153951268098,6.1379878044955465,1.0931814480731825,1,0,0
8.963602912075356,6.366464311905997,3.183232155952998,0,8,3.0297284409727254,6.19880599436563,1.118218391231605,1,0,0
9.0,6.5533071653706765,3.2766535826853387,0,9,,6.366464311905997,1.1546154791562495,1,0,0
9.0,6.637810711885791,3.318905355942896,0,9,,6.5533071653706765,1.1546154791562495,1,0,0
9.0,6.827171962976901,3.4135859814884504,0,9,,6.637810711885791,1.1546154791562495,1,0,0
9.0,7.037489963255568,3.518744981627784,0,9,,6.827171962976901,1.1546154791562495,1,0,0
9.0,7.097448036765082,3.5487240183825413,0,9,,7.037489963255568,1.1546154791562495,1,0,0
9.0,7.271875732195779,3.6359378660978896,0,9,,7.097448036765082,1.1546154791562495,1,0,0
9.0,7.4070371072944186,3.7035185536472093,0,9,,7.271875732195779,1.1546154791562495,1,0,0
9.0,7.575447623775154,3.7877238118875773,0,9,,7.4070371072944186,1.1546154791562495,1,0,0
9.0,7.780854640648494,3.8904273203242465,0,9,,7.575447623775154,1.1546154791562495,1,0,0
9.0,7.8960879505952235,3.9480439752976118,0,9,,7.780854640648494,1.1546154791562495,1,0,0
9.0,7.948302346953078,3.9741511734765385,0,9,,7.8960879505952235,1.1546154791562495,1,0,0
9.0,7.997677663662064,3.998838831831032,0,9,,7.948302346953078,1.1546154791562495,1,0,0
9.0,8.166887102894162,4.083443551447081,0,9,,7.997677663662064,1.1546154791562495,1,0,0
9.0,8.31604762750815,4.158023813754075,0,9,,8.166887102894162,1.1546154791562495,1,0,0
9.0,8.349630788544854,4.174815394272427,0,9,,8.31604762750815,1.1546154791562495,1,0,0
9.0,8.52036157858034,4.26018078929017,0,9,,8.349630788544854,1.1546154791562495,1,0,0
9.0,8.647726031396282,4.323863015698141,0,9,,8.52036157858034,1.1546154791562495,1,0,0
9.0,8.741215462374843,4.370607731187421,0,9,,8.647726031396282,1.1546154791562495,1,0,0
9.0,8.79842724698762,4.39921362349381,0,9,,8.741215462374843,1.1546154791562495,1,0,0
9.0,8.833427775898521,4.4167138879492605,0,9,,8.79842724698762,1.1546154791562495,1,0,0
9.0,8.948943852545588,4.474471926272794,0,9,,8.833427775898521,1.1546154791562495,1,0,0
9.0,9.114220321214834,4.557110160607417,0,9,,8.948943852545588,1.1546154791562495,1,0,0
9.0,9.333874780363116,4.666937390181558,0,9,,9.114220321214834,1.1546154791562495,1,0,0
9.0,9.559198645036576,4.779599322518288,0,9,,9.333874780363116,1.1546154791562495,1,0,0
9.0,9.794316947040858,4.897158473520429,0,9,,9.559198645036576,1.1546154791562495,1,0,0
9.0,9.945251987271517,4.972625993635758,0,9,,9.794316947040858,1.1546154791562495,1,0,0
9.0,9.91294195978656,4.95647097989328,0,9,,9.945251987271517,1.1546154791562495,1,0,0
9.0,9.9281133247433,4.96405666237165,0,9,,9.91294195978656,1.1546154791562495,1,0,0
9.0,10.031819566445387,5.0159097832226935,0,9,,9.9281133247433,1.1546154791562495,1,0,0
9.0,10.097807418492136,5.048903709246068,0,9,,10.031819566445387,1.1546154791562495,1,0,0
9.0,10.221425644068324,5.110712822034162,0,9,,10.097807418492136,1.1546154791562495,1,0,0
9.0,10.289321821420726,5.144660910710363,0,9,,10.221425644068324,1.1546154791562495,1,0,0
9.0,10.352569550505947,5.176284775252974,0,9,,10.289321821420726,1.1546154791562495,1,0,0
9.0,10.435777569191043,5.217888784595521,0,9,,10.352569550505947,1.1546154791562495,1,0,0
9.0,10.381806127239633,5.190903063619817,0,9,,10.435777569191043,1.1546154791562495,1,0,0
9.0,10.498232158229104,5.249116079114552,0,9,,10.381806127239633,1.1546154791562495,1,0,0
9.0,10.6712508213015,5.33562541065075,0,9,,10.498232158229104,1.1546154791562495,1,0,0
9.0,10.85908469397211,5.429542346986055,0,9,,10.6712508213015,1.1546154791562495,1,0,0
9.0,10.957592793655731,5.478796396827866,0,9,,10.85908469397211,1.1546154791562495,1,0,0
9.0,11.064605176811273,5.532302588405637,0,9,,10.957592793655731,1.1546154791562495,1,0,0
9.0,11.097930593717491,5.5489652968587455,0,9,,11.064605176811273,1.1546154791562495,1,0,0
9.0,11.164124681966083,5.582062340983041,0,9,,11.097930593717491,1.1546154791562495,1,0,0
9.0,11.34959054881335,5.674795274406675,0,9,,11.164124681966083,1.1546154791562495,1,0,0
9.0,11.5080987013441,5.75404935067205,0,9,,11.34959054881335,1.1546154791562495,1,0,0
9.0,11.717838805560614,5.858919402780307,0,9,,11.5080987013441,1.1546154791562495,1,0,0
9.0,11.934593680231607,5.967296840115804,0,9,,11.717838805560614,1.1546154791562495,1,0,0
9.0,12.009331041185744,6.004665520592872,0,9,,11.934593680231607,1.1546154791562495,1,0,0
9.0,12.212062458757227,6.106031229378614,0,9,,12.009331041185744,1.1546154791562495,1,0,0
9.0,2.417489633068963,1.2087448165344814,0,9,,12.212062458757227,0.0,1,0,0
9.0,2.513589635043224,1.256794817521612,0,9,,2.417489633068963,0.0,1,0,0
9.0,2.6924362616737882,1.3462181308368941,0,9,,2.513589635043224,0.0,1,0,0
9.0,2.7842102924789214,1.3921051462394607,0,9,,2.6924362616737882,0.0,1,0,0
9.0,2.9825507627573256,1.4912753813786628,0,9,,2.7842102924789214,0.0,1,0,0
9.0,3.08741130154796,1.54370565077398,0,9,,2.9825507627573256,0.0,1,0,0
9.0,3.1812166818712933,1.5906083409356466,0,9,,3.08741130154796,0.0,1,0,0
9.0,3.532111343615717,1.7660556718078588,0,9,,3.1812166818712933,0.0,1,0,0
9.0,3.643157994822995,1.8215789974114975,0,9,,3.532111343615717,0.0,1,0,0
9.0,3.688726744721312,1.844363372360656,0,9,,3.643157994822995,0.0,1,0,0
9.0,3.839197525513796,1.9195987627568982,0,9,,3.688726744721312,0.0,1,0,0
9.0,3.9987913141901177,1.999395657095059,0,9,,3.839197525513796,0.0,1,0,0
9.0,4.10202705265539,2.051013526327695,0,9,,3.9987913141901177,0.0,1,0,0
9.0,4.152541132487338,2.076270566243669,0,9,,4.10202705265539,0.0,1,0,0
9.0,4.402485722185622,2.201242861092811,0,9,,4.152541132487338,0.0,1,0,0
9.0,4.375423051152542,2.187711525576271,0,9,,4.402485722185622,0.0,1,0,0
9.0,4.478389453436567,2.2391947267182837,0,9,,4.375423051152542,0.0,1,0,0
9.0,4.710496452548372,2.355248226274186,0,9,,4.478389453436567,0.0,1,0,0
9.0,4.815549855977814,2.407774927988907,0,9,,4.710496452548372,0.0,1,0,0
9.0,5.04114881523659,2.520574407618295,0,9,,4.815549855977814,0.0,1,0,0
9.0,5.406849652049616,2.703424826024808,0,9,,5.04114881523659,0.0,1,0,0
9.0,5.613441083398154,2.806720541699077,0,9,,5.406849652049616,0.0,1,0,0
9.0,5.6705696800785415,2.8352848400392707,0,9,,5.613441083398154,0.0,1,0,0
9.0,5.807688873807831,2.9038444369039156,0,9,,5.6705696800785415,0.0,1,0,0
9.0,6.019086793729899,3.0095433968649496,0,9,,5.807688873807831,0.0,1,0,0
9.0,6.248469309693157,3.1242346548465787,0,9,,6.019086793729899,0.0,1,0,0
9.0,6.418022928014418,3.209011464007209,0,9,,6.248469309693157,0.0,1,0,0
9.0,6.514700270587742,3.2573501352938714,0,9,,6.418022928014418,0.0,1,0,0
9.0,6.716086891650544,3.3580434458252717,0,9,,6.514700270587742,0.0,1,0,0
9.0,6.8495522898588055,3.4247761449294027,0,9,,6.716086891650544,0.0,1,0,0
9.0,6.901202751340241,3.45060137567012,0,9,,6.8495522898588055,0.0,1,0,0
9.0,7.123668981007801,3.5618344905039003,0,9,,6.901202751340241,0.0,1,0,0
9.0,7.22217772869878,3.6110888643493895,0,9,,7.123668981007801,0.0,1,0,0
9.0,7.37191288143009,3.685956440715045,0,9,,7.22217772869878,0.0,1,0,0
9.0,7.576148552575028,3.7880742762875137,0,9,,7.37191288143009,0.0,1,0,0
9.0,7.685885498460762,3.842942749230381,0,9,,7.576148552575028,0.0,1,0,0
9.0,7.859957221978147,3.929978610989073,0,9,,7.685885498460762,0.0,1,0,0
9.0,7.8901331103922665,3.9450665551961337,0,9,,7.859957221978147,0.0,1,0,0
9.0,8.046098317767939,4.023049158883969,0,9,,7.8901331103922665,0.0,1,0,0
9.0,8.094150423156542,4.047075211578271,0,9,,8.046098317767939,0.0,1,0,0
9.0,8.216086391367462,4.108043195683731,0,9,,8.094150423156542,0.0,1,0,0
9.0,8.366900906573697,4.183450453286849,0,9,,8.216086391367462,0.0,1,0,0
9.0,8.63770094523733,4.318850472618665,0,9,,8.366900906573697,0.0,1,0,0
9.0,8.781175393192441,4.390587696596221,0,9,,8.63770094523733,0.0,1,0,0
9.0,8.931713329160822,4.465856664580411,0,9,,8.781175393192441,0.0,1,0,0
9.0,9.069611751610992,4.534805875805496,0,9,,8.931713329160822,0.0,1,0,0
9.0,1.4572862563429707,0.7286431281714854,0,9,,9.069611751610992,0.0,1,0,0
9.0,1.454666942982465,0.7273334714912325,0,9,,1.4572862563429707,0.0,1,0,0
9.0,1.6554114741965327,0.8277057370982663,0,9,,1.454666942982465,0.0,1,0,0
9.0,1.6248916258664494,0.8124458129332248,0,9,,1.6554114741965327,0.0,1,0,0
9.0,1.9334261651150562,0.9667130825575282,0,9,,1.6248916258664494,0.0,1,0,0
9.0,2.0019470440605707,1.0009735220302853,0,9,,1.9334261651150562,0.0,1,0,0
9.0,2.019967805575651,1.0099839027878255,0,9,,2.0019470440605707,0.0,1,0,0
9.0,2.131240255707248,1.065620127853624,0,9,,2.019967805575651,0.0,1,0,0
9.0,2.2110497753839486,1.1055248876919743,0,9,,2.131240255707248,0.0,1,0,0
9.0,2.309348237424786,1.154674118712393,0,9,,2.2110497753839486,0.0,1,0,0
9.0,2.4368085847816956,1.2184042923908478,0,9,,2.309348237424786,0.0,1,0,0
9.0,2.6060318370065927,1.3030159185032963,0,9,,2.4368085847816956,0.0,1,0,0
9.0,2.72887575068639,1.364437875343195,0,9,,2.6060318370065927,0.0,1,0,0
9.0,2.866630600036992,1.433315300018496,0,9,,2.72887575068639,0.0,1,0,0
9.0,2.914380807172014,1.457190403586007,0,9,,2.866630600036992,0.0,1,0,0
9.0,2.999710973698631,1.4998554868493155,0,9,,2.914380807172014,0.0,1,0,0
9.0,3.0646494437971077,1.5323247218985538,0,9,,2.999710973698631,0.0,1,0,0
9.0,3.2694027801579444,1.634701390078972,0,9,,3.0646494437971077,0.0,1,0,0
9.0,3.231850083100765,1.6159250415503825,0,9,,3.2694027801579444,0.0,1,0,0
9.0,3.4469333420630273,1.7234666710315134,0,9,,3.231850083100765,0.0,1,0,0
9.0,3.5741699503187103,1.7870849751593554,0,9,,3.4469333420630273,0.0,1,0,0
9.0,3.8310995779503116,1.9155497889751558,0,9,,3.5741699503187103,0.0,1,0,0
9.0,3.8319751952109327,1.9159875976054663,0,9,,3.8310995779503116,0.0,1,0,0
9.0,3.987736553271584,1.9938682766357922,0,9,,3.8319751952109327,0.0,1,0,0
9.0,3.986445959355258,1.993222979677629,0,9,,3.987736553271584,0.0,1,0,0
9.0,4.123346184940052,2.061673092470026,0,9,,3.986445959355258,0.0,1,0,0
9.0,4.1411009007807165,2.0705504503903582,0,9,,4.123346184940052,0.0,1,0,0
9.0,4.285879674733862,2.142939837366931,0,9,,4.1411009007807165,0.0,1,0,0
9.0,4.508719562928799,2.2543597814643994,0,9,,4.285879674733862,0.0,1,0,0
9.0,4.6595065632478,2.3297532816239,0,9,,4.508719562928799,0.0,1,0,0
9.0,4.724154561724437,2.3620772808622186,0,9,,4.6595065632478,0.0,1,0,0
9.0,4.764833611319898,2.382416805659949,0,9,,4.724154561724437,0.0,1,0,0
9.0,4.85425311270822,2.42712655635411,0,9,,4.764833611319898,0.0,1,0,0
9.0,5.022906368564492,2.511453184282246,0,9,,4.85425311270822,0.0,1,0,0
9.0,5.171561631281825,2.5857808156409123,0,9,,5.022906368564492,0.0,1,0,0
9.0,5.334380752666101,2.6671903763330507,0,9,,5.171561631281825,0.0,1,0,0
9.0,5.515073164072163,2.7575365820360815,0,9,,5.334380752666101,0.0,1,0,0
9.0,5.72818054873924,2.86409027436962,0,9,,5.515073164072163,0.0,1,0,0
9.0,5.881389551869174,2.940694775934587,0,9,,5.72818054873924,0.0,1,0,0
9.0,5.938510763650237,2.9692553818251186,0,9,,5.881389551869174,0.0,1,0,0
9.0,5.996403585386501,2.9982017926932505,0,9,,5.938510763650237,0.0,1,0,0
9.0,6.199357545899854,3.099678772949927,0,9,,5.996403585386501,0.0,1,0,0
9.0,6.326862780438559,3.1634313902192797,0,9,,6.199357545899854,0.0,1,0,0
9.0,6.3679309218873685,3.1839654609436843,0,9,,6.326862780438559,0.0,1,0,0
9.0,6.469100178772805,3.2345500893864023,0,9,,6.3679309218873685,0.0,1,0,0
9.0,6.52083904384185,3.2604195219209253,0,9,,6.469100178772805,0.0,1,0,0
9.0,6.611534059095956,3.3057670295479786,0,9,,6.52083904384185,0.0,1,0,0
9.0,6.774299501106458,3.387149750553229,0,9,,6.611534059095956,0.0,1,0,0
9.0,7.037675049876679,3.51883752493834,0,9,,6.774299501106458,0.0,1,0,0
9.0,1.852493045493474,0.926246522746737,0,9,,7.037675049876679,0.0,1,0,0
9.0,1.9602208532689722,0.980110426634486,0,9,,1.852493045493474,0.0,1,0,0
9.0,0.22733455590783785,0.11366727795391893,0,9,,1.9602208532689722,0.0,1,0,0
9.0,0.2659920653142052,0.1329960326571026,0,9,,0.22733455590783785,0.0,1,0,0
9.0,0.433214090109038,0.216607045054519,0,9,,0.2659920653142052,0.0,1,0,0
9.0,0.5642157088424198,0.2821078544212099,0,9,,0.433214090109038,0.0,1,0,0
9.0,0.484737879148899,0.2423689395744495,0,9,,0.5642157088424198,0.0,1,0,0
9.0,0.5557993745036705,0.2778996872518352,0,9,,0.484737879148899,0.0,1,0,0
9.0,0.7044921360049958,0.3522460680024979,0,9,,0.5557993745036705,0.0,1,0,0
9.0,0.8075583619880687,0.40377918099403437,0,9,,0.7044921360049958,0.0,1,0,0
9.0,0.8646613785404194,0.43233068927020973,0,9,,0.8075583619880687,0.0,1,0,0
9.0,0.9625050785247933,0.48125253926239664,0,9,,0.8646613785404194,0.0,1,0,0
9.0,1.0837052136048502,0.5418526068024251,0,9,,0.9625050785247933,0.0,1,0,0
9.0,1.1806080368332545,0.5903040184166273,0,9,,1.0837052136048502,0.0,1,0,0
9.0,1.2594866452742712,0.6297433226371356,0,9,,1.1806080368332545,0.0,1,0,0
9.0,1.2359015198553969,0.6179507599276984,0,9,,1.2594866452742712,0.0,1,0,0
9.0,1.224228335334067,0.6121141676670335,0,9,,1.2359015198553969,0.0,1,0,0
9.0,1.4718863972351943,0.7359431986175972,0,9,,1.224228335334067,0.0,1,0,0
9.0,1.7386111600640852,0.8693055800320426,0,9,,1.4718863972351943,0.0,1,0,0
9.0,1.7939459264592121,0.8969729632296061,0,9,,1.7386111600640852,0.0,1,0,0
9.0,1.8644155120137986,0.9322077560068992,0,9,,1.7939459264592121,0.0,1,0,0
9.0,1.9440285802468376,0.9720142901234188,0,9,,1.8644155120137986,0.0,1,0,0
9.0,2.0273816131868747,1.0136908065934374,0,9,,1.9440285802468376,0.0,1,0,0
9.0,2.0365377987275286,1.0182688993637643,0,9,,2.0273816131868747,0.0,1,0,0
9.0,2.224399829465214,1.112199914732607,0,9,,2.0365377987275286,0.0,1,0,0
9.0,2.26972608238939,1.134863041194695,0,9,,2.224399829465214,0.0,1,0,0
9.0,2.425203580569345,1.2126017902846724,0,9,,2.26972608238939,0.0,1,0,0
9.0,2.534704084448235,1.2673520422241176,0,9,,2.425203580569345,0.0,1,0,0
9.0,0.5257152821113972,0.2628576410556986,0,9,,2.534704084448235,0.0,1,0,0
9.0,0.5445074210655979,0.27225371053279895,0,9,,0.5257152821113972,0.0,1,0,0
9.0,0.657442274752749,0.3287211373763745,0,9,,0.5445074210655979,0.0,1,0,0
9.0,0.7737125146966879,0.38685625734834395,0,9,,0.657442274752749,0.0,1,0,0
9.0,0.837867119951838,0.418933559975919,0,9,,0.7737125146966879,0.0,1,0,0
9.0,0.9756434834369273,0.48782174171846365,0,9,,0.837867119951838,0.0,1,0,0
9.0,1.0924495077543217,0.5462247538771609,0,9,,0.9756434834369273,0.0,1,0,0
9.0,1.1961340748737201,0.5980670374368601,0,9,,1.0924495077543217,0.0,1,0,0
9.0,1.2641544421037914,0.6320772210518957,0,9,,1.1961340748737201,0.0,1,0,0
9.0,1.426714409334594,0.713357204667297,0,9,,1.2641544421037914,0.0,1,0,0
9.0,1.5603725803506667,0.7801862901753334,0,9,,1.426714409334594,0.0,1,0,0
9.0,1.6958317182808176,0.8479158591404088,0,9,,1.5603725803506667,0.0,1,0,0
9.0,1.8603786747493998,0.9301893373746999,0,9,,1.6958317182808176,0.0,1,0,0
9.0,2.0144894439071215,1.0072447219535607,0,9,,1.8603786747493998,0.0,1,0,0
9.0,2.1502299900104833,1.0751149950052417,0,9,,2.0144894439071215,0.0,1,0,0
9.0,2.2016886496335752,1.1008443248167876,0,9,,2.1502299900104833,0.0,1,0,0
9.0,2.3508975333255417,1.1754487666627709,0,9,,2.2016886496335752,0.0,1,0,0
9.0,2.46914275491787,1.234571377458935,0,9,,2.3508975333255417,0.0,1,0,0
9.0,2.7445036478071683,1.3722518239035841,0,9,,2.46914275491787,0.0,1,0,0
9.0,2.8822911696644478,1.4411455848322239,0,9,,2.7445036478071683,0.0,1,0,0
9.0,2.8429528001586757,1.4214764000793378,0,9,,2.8822911696644478,0.0,1,0,0
9.0,2.9752571605656923,1.4876285802828462,0,9,,2.8429528001586757,0.0,1,0,0
9.0,3.1260852653884843,1.5630426326942422,0,9,,2.9752571605656923,0.0,1,0,0
9.0,3.3146403535088735,1.6573201767544368,0,9,,3.1260852653884843,0.0,1,0,0
9.0,3.4610243515173362,1.730512175758668,0,9,,3.3146403535088735,0.0,1,0,0
9.0,3.5065382113596026,1.7532691056798013,0,9,,3.4610243515173362,0.0,1,0,0
9.0,3.7407583506269706,1.8703791753134853,0,9,,3.5065382113596026,0.0,1,0,0
9.0,3.8837216374029633,1.9418608187014816,0,9,,3.7407583506269706,0.0,1,0,0
9.0,4.110693630057963,2.0553468150289813,0,9,,3.8837216374029633,0.0,1,0,0
9.0,4.3649725388711085,2.1824862694355542,0,9,,4.110693630057963,0.0,1,0,0
9.0,4.727429679754031,2.3637148398770154,0,9,,4.3649725388711085,0.0,1,0,0
9.0,4.904491641216712,2.452245820608356,0,9,,4.727429679754031,0.0,1,0,0
9.0,4.9804514139458185,2.4902257069729092,0,9,,4.904491641216712,0.0,1,0,0
9.0,5.108032718985647,2.5540163594928234,0,9,,4.9804514139458185,0.0,1,0,0
9.0,5.069367460309679,2.5346837301548395,0,9,,5.108032718985647,0.0,1,0,0
9.0,5.205470835533104,2.602735417766552,0,9,,5.069367460309679,0.0,1,0,0
9.0,5.201474558829552,2.600737279414776,0,9,,5.205470835533104,0.0,1,0,0
9.0,5.269931083105738,2.634965541552869,0,9,,5.201474558829552,0.0,1,0,0
9.0,5.386278923263239,2.6931394616316195,0,9,,5.269931083105738,0.0,1,0,0
9.0,5.334054919588327,2.6670274597941637,0,9,,5.386278923263239,0.0,1,0,0
9.0,5.5269486594608015,2.7634743297304007,0,9,,5.334054919588327,0.0,1,0,0
9.0,5.655208929118815,2.8276044645594074,0,9,,5.5269486594608015,0.0,1,0,0
9.0,5.815202808346016,2.907601404173008,0,9,,5.655208929118815,0.0,1,0,0
9.0,5.829312647382606,2.914656323691303,0,9,,5.815202808346016,0.0,1,0,0
9.0,6.0991200823691045,3.0495600411845523,0,9,,5.829312647382606,0.0,1,0,0
9.0,6.236721704728535,3.1183608523642676,0,9,,6.0991200823691045,0.0,1,0,0
9.0,6.2594623006631505,3.1297311503315752,0,9,,6.236721704728535,0.0,1,0,0
9.0,6.312952627325375,3.1564763136626874,0,9,,6.2594623006631505,0.0,1,0,0
9.0,6.3115645378987795,3.15578226894939,0,9,,6.312952627325375,0.0,1,0,0
9.0,1.1147523389385248,0.5573761694692624,0,9,,6.3115645378987795,0.0,1,0,0
9.0,1.1096146286076665,0.5548073143038332,0,9,,1.1147523389385248,0.0,1,0,0
9.0,1.2219445129075863,0.6109722564537932,0,9,,1.1096146286076665,0.0,1,0,0
9.0,1.377759610280479,0.6888798051402395,0,9,,1.2219445129075863,0.0,1,0,0
9.0,1.497567276528628,0.748783638264314,0,9,,1.377759610280479,0.0,1,0,0
9.0,1.6379222959637934,0.8189611479818967,0,9,,1.497567276528628,0.0,1,0,0
9.0,1.6611981344771913,0.8305990672385957,0,9,,1.6379222959637934,0.0,1,0,0
9.0,1.6570609065888549,0.8285304532944274,0,9,,1.6611981344771913,0.0,1,0,0
9.0,1.7627535575817617,0.8813767787908808,0,9,,1.6570609065888549,0.0,1,0,0
9.0,1.842027507148278,0.921013753574139,0,9,,1.7627535575817617,0.0,1,0,0
9.0,1.9150797727362008,0.9575398863681004,0,9,,1.842027507148278,0.0,1,0,0
9.0,2.0171070286334825,1.0085535143167412,0,9,,1.9150797727362008,0.0,1,0,0
9.0,2.1857664632354683,1.0928832316177342,0,9,,2.0171070286334825,0.0,1,0,0
9.0,2.387649319550481,1.1938246597752404,0,9,,2.1857664632354683,0.0,1,0,0
9.0,2.421140553424338,1.210570276712169,0,9,,2.387649319550481,0.0,1,0,0
9.0,2.506214630469792,1.253107315234896,0,9,,2.421140553424338,0.0,1,0,0
9.0,2.6381048573105015,1.3190524286552507,0,9,,2.506214630469792,0.0,1,0,0
9.0,2.7223648014385455,1.3611824007192728,0,9,,2.6381048573105015,0.0,1,0,0
9.0,2.842624384239896,1.421312192119948,0,9,,2.7223648014385455,0.0,1,0,0
9.0,3.0149360259702274,1.5074680129851137,0,9,,2.842624384239896,0.0,1,0,0
9.0,3.2232191351319077,1.6116095675659539,0,9,,3.0149360259702274,0.0,1,0,0
9.0,3.3302704285843756,1.6651352142921876,0,9,,3.2232191351319077,0.0,1,0,0
9.0,3.4576921412786192,1.7288460706393096,0,9,,3.3302704285843756,0.0,1,0,0
9.0,3.651279198066411,1.8256395990332053,0,9,,3.4576921412786192,0.0,1,0,0
9.0,3.752733767769423,1.8763668838847114,0,9,,3.651279198066411,0.0,1,0,0
9.0,3.8942124542589567,1.9471062271294781,0,9,,3.752733767769423,0.0,1,0,0
9.0,4.04928197614581,2.024640988072905,0,9,,3.8942124542589567,0.0,1,0,0
9.0,4.232303296440094,2.116151648220047,0,9,,4.04928197614581,0.0,1,0,0
9.0,4.2572373427896455,2.1286186713948227,0,9,,4.232303296440094,0.0,1,0,0
9.0,4.349606462533108,2.174803231266554,0,9,,4.2572373427896455,0.0,1,0,0
9.0,4.396935657562877,2.1984678287814385,0,9,,4.349606462533108,0.0,1,0,0
9.0,4.524506626798197,2.2622533133990985,0,9,,4.396935657562877,0.0,1,0,0
9.0,4.662054100102002,2.331027050051001,0,9,,4.524506626798197,0.0,1,0,0
9.0,4.80941661976291,2.404708309881455,0,9,,4.662054100102002,0.0,1,0,0
9.0,5.044264255771681,2.5221321278858406,0,9,,4.80941661976291,0.0,1,0,0
9.0,5.22519749989845,2.612598749949225,0,9,,5.044264255771681,0.0,1,0,0
9.0,5.289047097076349,2.6445235485381744,0,9,,5.22519749989845,0.0,1,0,0
9.0,5.388186540818263,2.6940932704091316,0,9,,5.289047097076349,0.0,1,0,0
9.0,5.517730822843809,2.7588654114219047,0,9,,5.388186540818263,0.0,1,0,0
9.0,5.522920506106252,2.761460253053126,0,9,,5.517730822843809,0.0,1,0,0
9.0,5.5557176211293715,2.7778588105646858,0,9,,5.522920506106252,0.0,1,0,0
9.0,5.49978810180656,2.74989405090328,0,9,,5.5557176211293715,0.0,1,0,0
9.0,5.525867903606992,2.762933951803496,0,9,,5.49978810180656,0.0,1,0,0
9.0,5.846717558404125,2.9233587792020623,0,9,,5.525867903606992,0.0,1,0,0
9.0,5.96031059581263,2.980155297906315,0,9,,5.846717558404125,0.0,1,0,0
9.0,6.212943951870349,3.1064719759351744,0,9,,5.96031059581263,0.0,1,0,0
9.0,6.316621845027124,3.158310922513562,0,9,,6.212943951870349,0.0,1,0,0
9.0,6.466497114748206,3.233248557374103,0,9,,6.316621845027124,0.0,1,0,0
9.0,6.601547502114341,3.30077375105717,0,9,,6.466497114748206,0.0,1,0,0
9.0,6.8192152414756135,3.4096076207378068,0,9,,6.601547502114341,0.0,1,0,0
9.0,6.964546796407762,3.4822733982038816,0,9,,6.8192152414756135,0.0,1,0,0
9.0,6.999042359556391,3.4995211797781955,0,9,,6.964546796407762,0.0,1,0,0
9.0,7.230470518775187,3.6152352593875934,0,9,,6.999042359556391,0.0,1,0,0
9.0,7.3822345831876595,3.6911172915938297,0,9,,7.230470518775187,0.0,1,0,0
9.0,7.412574510269493,3.7062872551347463,0,9,,7.3822345831876595,0.0,1,0,0
9.0,7.5507023276402085,3.7753511638201047,0,9,,7.412574510269493,0.0,1,0,0
9.0,7.566550728819728,3.7832753644098642,0,9,,7.5507023276402085,0.0,1,0,0
9.0,7.607041333507608,3.8035206667538044,0,9,,7.566550728819728,0.0,1,0,0
9.0,7.799874611143368,3.899937305571684,0,9,,7.607041333507608,0.0,1,0,0
9.0,7.922962261054447,3.961481130527223,0,9,,7.799874611143368,0.0,1,0,0
9.0,7.871270972893546,3.9356354864467726,0,9,,7.922962261054447,0.0,1,0,0
9.0,7.891330237994574,3.945665118997287,0,9,,7.871270972893546,0.0,1,0,0
9.0,7.90854801137346,3.9542740056867305,0,9,,7.891330237994574,0.0,1,0,0
9.0,8.081440530291605,4.0407202651458025,0,9,,7.90854801137346,0.0,1,0,0
9.0,8.077834122094426,4.038917061047213,0,9,,8.081440530291605,0.0,1,0,0
9.0,8.3168046773929,4.15840233869645,0,9,,8.077834122094426,0.0,1,0,0
9.0,8.443870465397652,4.221935232698826,0,9,,8.3168046773929,0.0,1,0,0
9.0,8.704750974909244,4.352375487454622,0,9,,8.443870465397652,0.0,1,0,0
9.0,8.926243170524364,4.463121585262182,0,9,,8.704750974909244,0.0,1,0,0
9.0,9.046096608311544,4.523048304155772,0,9,,8.926243170524364,0.0,1,0,0
9.0,9.074046190381683,4.5370230951908415,0,9,,9.046096608311544,0.0,1,0,0
9.0,9.137476890947715,4.5687384454738575,0,9,,9.074046190381683,0.0,1,0,0
9.0,9.350302559623707,4.675151279811853,0,9,,9.137476890947715,0.0,1,0,0
9.0,9.585125054298919,4.792562527149459,0,9,,9.350302559623707,0.0,1,0,0
9.0,9.9395612101083,4.96978060505415,0,9,,9.585125054298919,0.0,1,0,0
9.0,10.034002156120952,5.017001078060476,0,9,,9.9395612101083,0.0,1,0,0
9.0,10.180299183905424,5.090149591952712,0,9,,10.034002156120952,0.0,1,0,0
9.0,10.203175203101768,5.101587601550884,0,9,,10.180299183905424,0.0,1,0,0
9.0,10.097465170185515,5.048732585092758,0,9,,10.203175203101768,0.0,1,0,0
9.0,10.15482594106628,5.07741297053314,0,9,,10.097465170185515,0.0,1,0,0
9.0,10.450275522588948,5.225137761294474,0,9,,10.15482594106628,0.0,1,0,0
9.0,10.57251545865202,5.28625772932601,0,9,,10.450275522588948,0.0,1,0,0
9.0,10.68117089656937,5.340585448284685,0,9,,10.57251545865202,0.0,1,0,0
9.0,10.714512581710324,5.357256290855162,0,9,,10.68117089656937,0.0,1,0,0
9.0,10.877368877003406,5.438684438501703,0,9,,10.714512581710324,0.0,1,0,0
9.0,11.07379606672357,5.536898033361785,0,9,,10.877368877003406,0.0,1,0,0
9.0,11.020580284071505,5.510290142035752,0,9,,11.07379606672357,0.0,1,0,0
9.0,11.106347514438582,5.553173757219291,0,9,,11.020580284071505,0.0,1,0,0
9.0,11.262937993550889,5.631468996775444,0,9,,11.106347514438582,0.0,1,0,0
9.0,11.314590661726026,5.657295330863013,0,9,,11.262937993550889,0.0,1,0,0
9.0,11.416533893797103,5.708266946898552,0,9,,11.314590661726026,0.0,1,0,0
9.0,11.627911207254813,5.813955603627407,0,9,,11.416533893797103,0.0,1,0,0
9.0,11.704054186304885,5.852027093152443,0,9,,11.627911207254813,0.0,1,0,0
9.0,11.747172529025988,5.873586264512994,0,9,,11.704054186304885,0.0,1,0,0
9.0,11.820410273168854,5.910205136584427,0,9,,11.747172529025988,0.0,1,0,0
9.0,11.922225875564104,5.961112937782052,0,9,,11.820410273168854,0.0,1,0,0
9.0,12.09868701289634,6.04934350644817,0,9,,11.922225875564104,0.0,1,0,0
9.0,12.034586621825863,6.017293310912931,0,9,,12.09868701289634,0.0,1,0,0
9.0,12.15959462938823,6.079797314694115,0,9,,12.034586621825863,0.0,1,0,0
9.0,12.396346763527308,6.198173381763654,0,9,,12.15959462938823,0.0,1,0,0
9.0,12.693313078342394,6.346656539171198,0,9,,12.396346763527308,0.0,1,0,0
9.0,12.81074051841552,6.405370259207761,0,9,,12.693313078342394,0.0,1,0,0
9.0,12.984959309603719,6.49247965480186,0,9,,12.81074051841552,0.0,1,0,0
9.0,13.117587933156539,6.5587939665782695,0,9,,12.984959309603719,0.0,1,0,0
9.0,13.230368769974207,6.615184384987104,0,9,,13.117587933156539,0.0,1,0,0
9.0,13.358363048919808,6.679181524459904,0,9,,13.230368769974207,0.0,1,0,0
9.0,13.556965923415055,6.778482961707526,0,9,,13.358363048919808,0.0,1,0,0
9.0,13.714049447069074,6.857024723534537,0,9,,13.556965923415055,0.0,1,0,0
9.0,13.719880416362018,6.859940208181009,0,9,,13.714049447069074,0.0,1,0,0
9.0,13.857617552876638,6.92880877643832,0,9,,13.719880416362018,0.0,1,0,0
9.0,13.864190388711888,6.932095194355944,0,9,,13.857617552876638,0.0,1,0,0
9.0,14.035201810357789,7.017600905178894,0,9,,13.864190388711888,0.0,1,0,0
9.0,14.148971272116405,7.074485636058203,0,9,,14.035201810357789,0.0,1,0,0
9.0,14.29182229994872,7.14591114997436,0,9,,14.148971272116405,0.0,1,0,0
9.0,14.382060584959987,7.191030292479994,0,9,,14.29182229994872,0.0,1,0,0
9.0,14.530696742742736,7.265348371371368,0,9,,14.382060584959987,0.0,1,0,0
9.0,14.654406852821655,7.327203426410828,0,9,,14.530696742742736,0.0,1,0,0
9.0,14.794045925944472,7.397022962972235,0,9,,14.654406852821655,0.0,1,0,0
9.0,14.8291199586672,7.414559979333601,0,9,,14.794045925944472,0.0,1,0,0
9.0,14.827427821281223,7.4137139106406105,0,9,,14.8291199586672,0.0,1,0,0
9.0,14.978905343464547,7.489452671732273,0,9,,14.827427821281223,0.0,1,0,0
9.0,15.036534012638198,7.518267006319099,0,9,,14.978905343464547,0.0,1,0,0
9.0,15.217396300122795,7.608698150061398,0,9,,15.036534012638198,0.0,1,0,0
9.0,15.410961283976812,7.705480641988406,0,9,,15.217396300122795,0.0,1,0,0
9.0,15.488614985503514,7.744307492751757,0,9,,15.410961283976812,0.0,1,0,0
9.0,15.44002532854607,7.7200126642730345,0,9,,15.488614985503514,0.0,1,0,0
9.0,15.543951409117623,7.771975704558812,0,9,,15.44002532854607,0.0,1,0,0
9.0,15.595791616622757,7.797895808311378,0,9,,15.543951409117623,0.0,1,0,0
9.0,15.818182174624763,7.9090910873123805,0,9,,15.595791616622757,0.0,1,0,0
9.0,16.02118906728858,8.01059453364429,0,9,,15.818182174624763,0.0,1,0,0
9.0,16.016253958999112,8.008126979499556,0,9,,16.02118906728858,0.0,1,0,0
9.0,2.543387662397721,1.2716938311988606,0,9,,16.016253958999112,0.0,1,0,0
9.0,2.6963306803465623,1.3481653401732812,0,9,,2.543387662397721,0.0,1,0,0
9.0,2.644769563837765,1.3223847819188825,0,9,,2.6963306803465623,0.0,1,0,0
9.0,2.7257577345243105,1.3628788672621552,0,9,,2.644769563837765,0.0,1,0,0
9.0,2.7746406534535213,1.3873203267267606,0,9,,2.7257577345243105,0.0,1,0,0
9.0,2.963931148482604,1.481965574241302,0,9,,2.7746406534535213,0.0,1,0,0
9.0,3.1030803343273243,1.5515401671636622,0,9,,2.963931148482604,0.0,1,0,0
9.0,3.176849607129808,1.588424803564904,0,9,,3.1030803343273243,0.0,1,0,0
9.0,3.2230948424579573,1.6115474212289789,0,9,,3.176849607129808,0.0,1,0,0
9.0,3.2965860841437955,1.6482930420718975,0,9,,3.2230948424579573,0.0,1,0,0
9.0,3.462538376333645,1.7312691881668227,0,9,,3.2965860841437955,0.0,1,0,0
9.0,3.608074873813769,1.8040374369068846,0,9,,3.462538376333645,0.0,1,0,0
9.0,3.654914177124186,1.827457088562093,0,9,,3.608074873813769,0.0,1,0,0
9.0,3.8421326283613744,1.921066314180687,0,9,,3.654914177124186,0.0,1,0,0
9.0,3.893565338530029,1.9467826692650148,0,9,,3.8421326283613744,0.0,1,0,0
9.0,3.9169851181711466,1.958492559085573,0,9,,3.893565338530029,0.0,1,0,0
9.0,4.063256111920666,2.031628055960333,0,9,,3.9169851181711466,0.0,1,0,0
9.0,4.249560128828909,2.1247800644144546,0,9,,4.063256111920666,0.0,1,0,0
9.0,4.456331429767683,2.2281657148838416,0,9,,4.249560128828909,0.0,1,0,0
9.0,4.5522934060711,2.27614670303555,0,9,,4.456331429767683,0.0,1,0,0
9.0,4.595337263042065,2.2976686315210326,0,9,,4.5522934060711,0.0,1,0,0
9.0,4.809829961683156,2.404914980841578,0,9,,4.595337263042065,0.0,1,0,0
9.0,4.936647075192808,2.468323537596404,0,9,,4.809829961683156,0.0,1,0,0
9.0,5.032272161546187,2.5161360807730935,0,9,,4.936647075192808,0.0,1,0,0
9.0,5.224241959268646,2.612120979634323,0,9,,5.032272161546187,0.0,1,0,0
9.0,5.21109828365965,2.605549141829825,0,9,,5.224241959268646,0.0,1,0,0
9.0,5.362321316473586,2.681160658236793,0,9,,5.21109828365965,0.0,1,0,0
9.0,5.458487071352075,2.7292435356760376,0,9,,5.362321316473586,0.0,1,0,0
9.0,1.2395863024041787,0.6197931512020893,0,9,,5.458487071352075,0.0,1,0,0
9.0,1.2877077586158452,0.6438538793079226,0,9,,1.2395863024041787,0.0,1,0,0
9.0,1.4267716314717673,0.7133858157358837,0,9,,1.2877077586158452,0.0,1,0,0
9.0,1.3689034771103634,0.6844517385551817,0,9,,1.4267716314717673,0.0,1,0,0
9.0,1.4397160904988258,0.7198580452494129,0,9,,1.3689034771103634,0.0,1,0,0
9.0,1.6468043055122168,0.8234021527561084,0,9,,1.4397160904988258,0.0,1,0,0
9.0,1.805693564311019,0.9028467821555095,0,9,,1.6468043055122168,0.0,1,0,0
9.0,1.9952931079946723,0.9976465539973361,0,9,,1.805693564311019,0.0,1,0,0
9.0,2.1491748281277365,1.0745874140638683,0,9,,1.9952931079946723,0.0,1,0,0
9.0,2.4304680762332014,1.2152340381166007,0,9,,2.1491748281277365,0.0,1,0,0
9.0,2.5378906724351262,1.2689453362175631,0,9,,2.4304680762332014,0.0,1,0,0
9.0,2.6297757771286405,1.3148878885643203,0,9,,2.5378906724351262,0.0,1,0,0
9.0,2.8630321189989933,1.4315160594994967,0,9,,2.6297757771286405,0.0,1,0,0
9.0,3.1295886398736092,1.5647943199368046,0,9,,2.8630321189989933,0.0,1,0,0
9.0,3.419464990343854,1.7097324951719268,0,9,,3.1295886398736092,0.0,1,0,0
9.0,3.499214646649882,1.749607323324941,0,9,,3.419464990343854,0.0,1,0,0
9.0,3.609319231084547,1.8046596155422736,0,9,,3.499214646649882,0.0,1,0,0
9.0,3.80118258941077,1.9005912947053847,0,9,,3.609319231084547,0.0,1,0,0
9.0,3.915830693142528,1.957915346571264,0,9,,3.80118258941077,0.0,1,0,0
9.0,3.9817413994787865,1.9908706997393935,0,9,,3.915830693142528,0.0,1,0,0
9.0,4.099464934458982,2.049732467229491,0,9,,3.9817413994787865,0.0,1,0,0
9.0,4.21359235688923,2.106796178444615,0,9,,4.099464934458982,0.0,1,0,0
9.0,4.392842979939403,2.1964214899697017,0,9,,4.21359235688923,0.0,1,0,0
9.0,4.467510598053263,2.2337552990266314,0,9,,4.392842979939403,0.0,1,0,0
9.0,1.1803001047959423,0.5901500523979711,0,9,,4.467510598053263,0.0,1,0,0
9.0,1.428056786823892,0.714028393411946,0,9,,1.1803001047959423,0.0,1,0,0
9.0,1.5414230271187397,0.7707115135593698,0,9,,1.428056786823892,0.0,1,0,0
9.0,1.5772882549389906,0.7886441274694953,0,9,,1.5414230271187397,0.0,1,0,0
9.0,1.76616951984172,0.8830847599208601,0,9,,1.5772882549389906,0.0,1,0,0
9.0,2.000534010575026,1.000267005287513,0,9,,1.76616951984172,0.0,1,0,0
9.0,2.236458122907066,1.118229061453533,0,9,,2.000534010575026,0.0,1,0,0
9.0,2.41739291553186,1.20869645776593,0,9,,2.236458122907066,0.0,1,0,0
9.0,2.3778715720257573,1.1889357860128786,0,9,,2.41739291553186,0.0,1,0,0
9.0,2.5035035147163156,1.2517517573581578,0,9,,2.3778715720257573,0.0,1,0,0
9.0,2.72808894780251,1.364044473901255,0,9,,2.5035035147163156,0.0,1,0,0
9.0,2.8276695033596475,1.4138347516798238,0,9,,2.72808894780251,0.0,1,0,0
9.0,2.933541029044226,1.466770514522113,0,9,,2.8276695033596475,0.0,1,0,0
9.0,3.091204245622374,1.545602122811187,0,9,,2.933541029044226,0.0,1,0,0
9.0,3.3827409897193044,1.6913704948596524,0,9,,3.091204245622374,0.0,1,0,0
9.0,3.341233182889454,1.6706165914447269,0,9,,3.3827409897193044,0.0,1,0,0
9.0,3.439725265144003,1.7198626325720017,0,9,,3.341233182889454,0.0,1,0,0
9.0,3.6251326778514876,1.8125663389257438,0,9,,3.439725265144003,0.0,1,0,0
9.0,3.8204396802278104,1.9102198401139052,0,9,,3.6251326778514876,0.0,1,0,0
9.0,3.784835463452517,1.8924177317262585,0,9,,3.8204396802278104,0.0,1,0,0
9.0,3.9665671051198217,1.983283552559911,0,9,,3.784835463452517,0.0,1,0,0
9.0,4.112817953378789,2.0564089766893945,0,9,,3.9665671051198217,0.0,1,0,0
9.0,4.196505289911782,2.098252644955891,0,9,,4.112817953378789,0.0,1,0,0
9.0,4.209590774213598,2.104795387106799,0,9,,4.196505289911782,0.0,1,0,0
9.0,4.291851717141293,2.1459258585706467,0,9,,4.209590774213598,0.0,1,0,0
9.0,4.36880745014173,2.184403725070865,0,9,,4.291851717141293,0.0,1,0,0
9.0,4.393058149647144,2.196529074823572,0,9,,4.36880745014173,0.0,1,0,0
9.0,4.577984449504012,2.288992224752006,0,9,,4.393058149647144,0.0,1,0,0
9.0,4.7641567778463525,2.3820783889231762,0,9,,4.577984449504012,0.0,1,0,0
9.0,5.018141016257007,2.5090705081285036,0,9,,4.7641567778463525,0.0,1,0,0
9.0,5.315480829009069,2.6577404145045347,0,9,,5.018141016257007,0.0,1,0,0
9.0,5.582545669735693,2.7912728348678466,0,9,,5.315480829009069,0.0,1,0,0
9.0,5.7483387057776145,2.8741693528888073,0,9,,5.582545669735693,0.0,1,0,0
9.0,5.890273261424744,2.945136630712372,0,9,,5.7483387057776145,0.0,1,0,0
9.0,5.950392345104256,2.975196172552128,0,9,,5.890273261424744,0.0,1,0,0
9.0,6.070760953175203,3.0353804765876014,0,9,,5.950392345104256,0.0,1,0,0
9.0,1.2852975937857314,0.6426487968928657,0,9,,6.070760953175203,0.0,1,0,0
9.0,1.3474308467249982,0.6737154233624991,0,9,,1.2852975937857314,0.0,1,0,0
9.0,1.469210313845534,0.734605156922767,0,9,,1.3474308467249982,0.0,1,0,0
9.0,1.4973215236371864,0.7486607618185932,0,9,,1.469210313845534,0.0,1,0,0
9.0,1.644456295564705,0.8222281477823525,0,9,,1.4973215236371864,0.0,1,0,0
9.0,1.8918321962320361,0.9459160981160181,0,9,,1.644456295564705,0.0,1,0,0
9.0,2.0041166664367873,1.0020583332183937,0,9,,1.8918321962320361,0.0,1,0,0
9.0,2.1823529362976113,1.0911764681488056,0,9,,2.0041166664367873,0.0,1,0,0
9.0,2.358328210577882,1.179164105288941,0,9,,2.1823529362976113,0.0,1,0,0
9.0,2.4043952101053576,1.2021976050526788,0,9,,2.358328210577882,0.0,1,0,0
9.0,2.4221649643383385,1.2110824821691692,0,9,,2.4043952101053576,0.0,1,0,0
9.0,2.445445714627699,1.2227228573138496,0,9,,2.4221649643383385,0.0,1,0,0
9.0,2.7141303276144346,1.3570651638072173,0,9,,2.445445714627699,0.0,1,0,0
9.0,2.8552588922484112,1.4276294461242056,0,9,,2.7141303276144346,0.0,1,0,0
9.0,3.0552918045112234,1.5276459022556117,0,9,,2.8552588922484112,0.0,1,0,0
9.0,3.1936278202226975,1.5968139101113488,0,9,,3.0552918045112234,0.0,1,0,0
9.0,3.344511967034025,1.6722559835170125,0,9,,3.1936278202226975,0.0,1,0,0
9.0,3.3673173874984057,1.683658693749203,0,9,,3.344511967034025,0.0,1,0,0
9.0,3.5173860841328475,1.7586930420664235,0,9,,3.3673173874984057,0.0,1,0,0
9.0,3.6989975169377187,1.8494987584688594,0,9,,3.5173860841328475,0.0,1,0,0
9.0,3.896364268466461,1.9481821342332304,0,9,,3.6989975169377187,0.0,1,0,0
9.0,3.9598210557159854,1.9799105278579927,0,9,,3.896364268466461,0.0,1,0,0
9.0,3.954311840085114,1.9771559200425568,0,9,,3.9598210557159854,0.0,1,0,0
9.0,4.220523101331663,2.1102615506658315,0,9,,3.954311840085114,0.0,1,0,0
9.0,4.377562065164889,2.1887810325824444,0,9,,4.220523101331663,0.0,1,0,0
9.0,4.3426753641578975,2.1713376820789487,0,9,,4.377562065164889,0.0,1,0,0
9.0,4.473852627529713,2.2369263137648563,0,9,,4.3426753641578975,0.0,1,0,0
9.0,4.461263934071302,2.230631967035651,0,9,,4.473852627529713,0.0,1,0,0
9.0,4.546890322284703,2.2734451611423516,0,9,,4.461263934071302,0.0,1,0,0
9.0,4.758466378229083,2.3792331891145415,0,9,,4.546890322284703,0.0,1,0,0
9.0,4.791128619140893,2.3955643095704464,0,9,,4.758466378229083,0.0,1,0,0
9.0,4.821778216858629,2.4108891084293145,0,9,,4.791128619140893,0.0,1,0,0
9.0,4.990099937118379,2.4950499685591896,0,9,,4.821778216858629,0.0,1,0,0
9.0,5.034967246338657,2.5174836231693285,0,9,,4.990099937118379,0.0,1,0,0
9.0,5.1600570375759585,2.5800285187879792,0,9,,5.034967246338657,0.0,1,0,0
9.0,5.317229254546995,2.6586146272734976,0,9,,5.1600570375759585,0.0,1,0,0
9.0,5.558063497731922,2.779031748865961,0,9,,5.317229254546995,0.0,1,0,0
9.0,5.681147229264827,2.8405736146324134,0,9,,5.558063497731922,0.0,1,0,0
9.0,5.846793515515533,2.9233967577577666,0,9,,5.681147229264827,0.0,1,0,0
9.0,5.931440441098517,2.9657202205492585,0,9,,5.846793515515533,0.0,1,0,0
9.0,5.96286122557301,2.981430612786505,0,9,,5.931440441098517,0.0,1,0,0
9.0,5.966111125388166,2.983055562694083,0,9,,5.96286122557301,0.0,1,0,0
9.0,6.246130056854965,3.1230650284274826,0,9,,5.966111125388166,0.0,1,0,0
9.0,6.198380306855935,3.0991901534279673,0,9,,6.246130056854965,0.0,1,0,0
9.0,6.217957898777573,3.1089789493887867,0,9,,6.198380306855935,0.0,1,0,0
9.0,6.315114075554481,3.157557037777241,0,9,,6.217957898777573,0.0,1,0,0
9.0,6.2634313565932604,3.1317156782966302,0,9,,6.315114075554481,0.0,1,0,0
9.0,6.3926334143412475,3.1963167071706238,0,9,,6.2634313565932604,0.0,1,0,0
9.0,6.615062775303233,3.307531387651617,0,9,,6.3926334143412475,0.0,1,0,0
9.0,6.660792896717227,3.3303964483586133,0,9,,6.615062775303233,0.0,1,0,0
9.0,1.8462077470914908,0.9231038735457454,0,9,,6.660792896717227,0.0,1,0,0
9.0,1.90864107714715,0.9543205385735749,0,9,,1.8462077470914908,0.0,1,0,0
9.0,2.242815298349768,1.121407649174884,0,9,,1.90864107714715,0.0,1,0,0
9.0,2.4276843159621255,1.2138421579810628,0,9,,2.242815298349768,0.0,1,0,0
9.0,2.507666076588801,1.2538330382944005,0,9,,2.4276843159621255,0.0,1,0,0
9.0,2.59763747349988,1.29881873674994,0,9,,2.507666076588801,0.0,1,0,0
9.0,2.753510622208828,1.376755311104414,0,9,,2.59763747349988,0.0,1,0,0
9.0,2.8793379462142505,1.4396689731071253,0,9,,2.753510622208828,0.0,1,0,0
9.0,3.068913351363626,1.534456675681813,0,9,,2.8793379462142505,0.0,1,0,0
9.0,3.19587578629661,1.597937893148305,0,9,,3.068913351363626,0.0,1,0,0
9.0,3.450864729766291,1.7254323648831456,0,9,,3.19587578629661,0.0,1,0,0
9.0,3.606138335937515,1.8030691679687576,0,9,,3.450864729766291,0.0,1,0,0
9.0,3.7499613244153176,1.8749806622076588,0,9,,3.606138335937515,0.0,1,0,0
9.0,3.810650892313844,1.905325446156922,0,9,,3.7499613244153176,0.0,1,0,0
9.0,3.850396792427483,1.9251983962137416,0,9,,3.810650892313844,0.0,1,0,0
9.0,3.987992647424642,1.993996323712321,0,9,,3.850396792427483,0.0,1,0,0
9.0,4.06516165120954,2.03258082560477,0,9,,3.987992647424642,0.0,1,0,0
9.0,4.222708265678133,2.1113541328390664,0,9,,4.06516165120954,0.0,1,0,0
9.0,4.35113992587727,2.175569962938635,0,9,,4.222708265678133,0.0,1,0,0
9.0,4.425188938965657,2.2125944694828283,0,9,,4.35113992587727,0.0,1,0,0
9.0,4.449626176360885,2.2248130881804427,0,9,,4.425188938965657,0.0,1,0,0
9.0,4.67322840576729,2.336614202883645,0,9,,4.449626176360885,0.0,1,0,0
9.0,4.72533960304539,2.362669801522695,0,9,,4.67322840576729,0.0,1,0,0
9.0,4.845531863132576,2.422765931566288,0,9,,4.72533960304539,0.0,1,0,0
9.0,5.015763814294043,2.5078819071470213,0,9,,4.845531863132576,0.0,1,0,0
9.0,5.146269181954912,2.573134590977456,0,9,,5.015763814294043,0.0,1,0,0
9.0,5.075853705612702,2.537926852806351,0,9,,5.146269181954912,0.0,1,0,0
9.0,5.156832403821531,2.5784162019107657,0,9,,5.075853705612702,0.0,1,0,0
9.0,5.3674514682580545,2.6837257341290273,0,9,,5.156832403821531,0.0,1,0,0
9.0,5.620515130288417,2.8102575651442083,0,9,,5.3674514682580545,0.0,1,0,0
9.0,5.639903924076285,2.8199519620381426,0,9,,5.620515130288417,0.0,1,0,0
9.0,5.704647335555415,2.8523236677777075,0,9,,5.639903924076285,0.0,1,0,0
9.0,5.7617896059750535,2.8808948029875268,0,9,,5.704647335555415,0.0,1,0,0
9.0,5.752549507273271,2.8762747536366353,0,9,,5.7617896059750535,0.0,1,0,0
9.0,5.859877908729933,2.9299389543649665,0,9,,5.752549507273271,0.0,1,0,0
9.0,5.970400635834424,2.985200317917212,0,9,,5.859877908729933,0.0,1,0,0
9.0,6.17135874423453,3.085679372117265,0,9,,5.970400635834424,0.0,1,0,0
9.0,6.216019494591929,3.1080097472959647,0,9,,6.17135874423453,0.0,1,0,0
9.0,6.382331533895963,3.191165766947982,0,9,,6.216019494591929,0.0,1,0,0
9.0,6.526867320506499,3.26343366025325,0,9,,6.382331533895963,0.0,1,0,0
9.0,6.6409228426583535,3.3204614213291768,0,9,,6.526867320506499,0.0,1,0,0
9.0,6.88860653685196,3.4443032684259802,0,9,,6.6409228426583535,0.0,1,0,0
9.0,7.011858804510558,3.505929402255279,0,9,,6.88860653685196,0.0,1,0,0
9.0,7.105700064026699,3.552850032013349,0,9,,7.011858804510558,0.0,1,0,0
9.0,7.38011068547379,3.690055342736895,0,9,,7.105700064026699,0.0,1,0,0
9.0,7.390841982085665,3.6954209910428326,0,9,,7.38011068547379,0.0,1,0,0
9.0,7.449956551480074,3.7249782757400376,0,9,,7.390841982085665,0.0,1,0,0
9.0,7.501750072305188,3.7508750361525944,0,9,,7.449956551480074,0.0,1,0,0
9.0,7.458446883915419,3.7292234419577093,0,9,,7.501750072305188,0.0,1,0,0
9.0,7.617792192570037,3.808896096285019,0,9,,7.458446883915419,0.0,1,0,0
9.0,7.673600428885102,3.836800214442551,0,9,,7.617792192570037,0.0,1,0,0
9.0,7.898228523567015,3.9491142617835076,0,9,,7.673600428885102,0.0,1,0,0
9.0,8.06590385724037,4.032951928620185,0,9,,7.898228523567015,0.0,1,0,0
9.0,8.170092480017997,4.085046240008999,0,9,,8.06590385724037,0.0,1,0,0
9.0,8.38117632676932,4.19058816338466,0,9,,8.170092480017997,0.0,1,0,0
9.0,8.607487196500166,4.303743598250083,0,9,,8.38117632676932,0.0,1,0,0
9.0,2.581421741246711,1.2907108706233554,0,9,,8.607487196500166,0.0,1,0,0
9.0,2.72414973531531,1.362074867657655,0,9,,2.581421741246711,0.0,1,0,0
9.0,2.917169083831891,1.4585845419159456,0,9,,2.72414973531531,0.0,1,0,0
9.0,3.171136624822388,1.5855683124111937,0,9,,2.917169083831891,0.0,1,0,0
9.0,3.2603090726243305,1.6301545363121652,0,9,,3.171136624822388,0.0,1,0,0
9.0,3.301085304296928,1.650542652148464,0,9,,3.2603090726243305,0.0,1,0,0
9.0,3.3234412493445475,1.6617206246722738,0,9,,3.301085304296928,0.0,1,0,0
9.0,3.346559304861254,1.6732796524306268,0,9,,3.3234412493445475,0.0,1,0,0
9.0,3.460430294862122,1.730215147431061,0,9,,3.346559304861254,0.0,1,0,0
9.0,3.5541260649086874,1.7770630324543437,0,9,,3.460430294862122,0.0,1,0,0
9.0,3.7856694797827752,1.8928347398913876,0,9,,3.5541260649086874,0.0,1,0,0
9.0,3.9131165784496025,1.9565582892248015,0,9,,3.7856694797827752,0.0,1,0,0
9.0,1.0012319825601228,0.5006159912800614,0,9,,3.9131165784496025,0.0,1,0,0
9.0,1.184446974718217,0.5922234873591085,0,9,,1.0012319825601228,0.0,1,0,0
9.0,1.3155897939190297,0.6577948969595149,0,9,,1.184446974718217,0.0,1,0,0
9.0,1.481612584357573,0.7408062921787865,0,9,,1.3155897939190297,0.0,1,0,0
9.0,1.5166623417462024,0.7583311708731012,0,9,,1.481612584357573,0.0,1,0,0
9.0,1.5562924573425172,0.7781462286712586,0,9,,1.5166623417462024,0.0,1,0,0
9.0,1.6319745435201132,0.8159872717600566,0,9,,1.5562924573425172,0.0,1,0,0
9.0,0.2973794191269349,0.14868970956346744,0,9,,1.6319745435201132,0.0,1,0,0
9.0,0.5198242403363139,0.25991212016815696,0,9,,0.2973794191269349,0.0,1,0,0
9.0,0.6155087228423716,0.3077543614211858,0,9,,0.5198242403363139,0.0,1,0,0
9.0,0.5917244159772863,0.29586220798864316,0,9,,0.6155087228423716,0.0,1,0,0
9.0,0.7271762645508186,0.3635881322754093,0,9,,0.5917244159772863,0.0,1,0,0
9.0,0.8736233638003141,0.43681168190015707,0,9,,0.7271762645508186,0.0,1,0,0
9.0,0.9105961617632966,0.45529808088164836,0,9,,0.8736233638003141,0.0,1,0,0
9.0,0.9564551757119679,0.47822758785598396,0,9,,0.9105961617632966,0.0,1,0,0
9.0,1.0567896180137488,0.5283948090068744,0,9,,0.9564551757119679,0.0,1,0,0
9.0,1.0517002077617372,0.5258501038808686,0,9,,1.0567896180137488,0.0,1,0,0
9.0,1.2522070053033816,0.6261035026516908,0,9,,1.0517002077617372,0.0,1,0,0
9.0,1.3968497255497772,0.6984248627748886,0,9,,1.2522070053033816,0.0,1,0,0
9.0,1.46815537538924,0.73407768769462,0,9,,1.3968497255497772,0.0,1,0,0
9.0,1.6324529981705564,0.8162264990852782,0,9,,1.46815537538924,0.0,1,0,0
9.0,1.7144878816677367,0.8572439408338683,0,9,,1.6324529981705564,0.0,1,0,0
9.0,1.8848666025617835,0.9424333012808918,0,9,,1.7144878816677367,0.0,1,0,0
9.0,2.0637349460790144,1.0318674730395072,0,9,,1.8848666025617835,0.0,1,0,0
9.0,2.156722129043563,1.0783610645217816,0,9,,2.0637349460790144,0.0,1,0,0
9.0,2.0910691404172725,1.0455345702086363,0,9,,2.156722129043563,0.0,1,0,0
9.0,2.2332789231740366,1.1166394615870183,0,9,,2.0910691404172725,0.0,1,0,0
9.0,2.286272237447343,1.1431361187236715,0,9,,2.2332789231740366,0.0,1,0,0
9.0,2.381114026525967,1.1905570132629835,0,9,,2.286272237447343,0.0,1,0,0
9.0,2.4410263777799543,1.2205131888899772,0,9,,2.381114026525967,0.0,1,0,0
9.0,2.5040714818802896,1.2520357409401448,0,9,,2.4410263777799543,0.0,1,0,0
9.0,2.678569951487687,1.3392849757438434,0,9,,2.5040714818802896,0.0,1,0,0
9.0,2.86582959190877,1.432914795954385,0,9,,2.678569951487687,0.0,1,0,0
9.0,3.0529666045422457,1.5264833022711228,0,9,,2.86582959190877,0.0,1,0,0
9.0,3.205554196373052,1.602777098186526,0,9,,3.0529666045422457,0.0,1,0,0
9.0,3.233011589196228,1.616505794598114,0,9,,3.205554196373052,0.0,1,0,0
9.0,3.3122360288346755,1.6561180144173377,0,9,,3.233011589196228,0.0,1,0,0
9.0,3.5088869079397775,1.7544434539698888,0,9,,3.3122360288346755,0.0,1,0,0
9.0,3.474218832530434,1.737109416265217,0,9,,3.5088869079397775,0.0,1,0,0
9.0,3.6101229190976145,1.805061459548807,0,9,,3.474218832530434,0.0,1,0,0
9.0,3.573039252982715,1.7865196264913572,0,9,,3.6101229190976145,0.0,1,0,0
9.0,3.693786391636293,1.8468931958181465,0,9,,3.573039252982715,0.0,1,0,0
9.0,3.7730602275624263,1.886530113781213,0,9,,3.693786391636293,0.0,1,0,0
9.0,3.9673723696635155,1.9836861848317575,0,9,,3.7730602275624263,0.0,1,0,0
9.0,3.9415228054994254,1.970761402749713,0,9,,3.9673723696635155,0.0,1,0,0
9.0,4.0013041730523256,2.0006520865261628,0,9,,3.9415228054994254,0.0,1,0,0
9.0,4.136470781327544,2.068235390663772,0,9,,4.0013041730523256,0.0,1,0,0
9.0,4.277617517848337,2.1388087589241684,0,9,,4.136470781327544,0.0,1,0,0
9.0,4.415060731897303,2.2075303659486516,0,9,,4.277617517848337,0.0,1,0,0
9.0,4.535686415324647,2.2678432076623234,0,9,,4.415060731897303,0.0,1,0,0
9.0,4.587083515850046,2.293541757925023,0,9,,4.535686415324647,0.0,1,0,0
9.0,4.611194778534418,2.305597389267209,0,9,,4.587083515850046,0.0,1,0,0
9.0,4.757816576835774,2.378908288417887,0,9,,4.611194778534418,0.0,1,0,0
9.0,4.910576273916225,2.4552881369581123,0,9,,4.757816576835774,0.0,1,0,0
9.0,5.003340899381829,2.5016704496909146,0,9,,4.910576273916225,0.0,1,0,0
9.0,5.158445946412208,2.579222973206104,0,9,,5.003340899381829,0.0,1,0,0
9.0,5.3109555911923145,2.6554777955961573,0,9,,5.158445946412208,0.0,1,0,0
9.0,5.381112340158165,2.6905561700790823,0,9,,5.3109555911923145,0.0,1,0,0
9.0,5.616889676136888,2.808444838068444,0,9,,5.381112340158165,0.0,1,0,0
9.0,5.707879126304989,2.8539395631524944,0,9,,5.616889676136888,0.0,1,0,0
9.0,5.913864251010746,2.956932125505373,0,9,,5.707879126304989,0.0,1,0,0
9.0,5.936693055588412,2.968346527794206,0,9,,5.913864251010746,0.0,1,0,0
9.0,6.019579652480435,3.0097898262402176,0,9,,5.936693055588412,0.0,1,0,0
9.0,6.136240559073151,3.0681202795365756,0,9,,6.019579652480435,0.0,1,0,0
9.0,6.256858768390304,3.1284293841951523,0,9,,6.136240559073151,0.0,1,0,0
9.0,6.2716207890206555,3.135810394510328,0,9,,6.256858768390304,0.0,1,0,0
9.0,6.440109609560377,3.2200548047801885,0,9,,6.2716207890206555,0.0,1,0,0
9.0,6.532433851237938,3.266216925618969,0,9,,6.440109609560377,0.0,1,0,0
9.0,6.736096444444978,3.3680482222224892,0,9,,6.532433851237938,0.0,1,0,0
9.0,6.854742817374635,3.427371408687318,0,9,,6.736096444444978,0.0,1,0,0
9.0,6.867253572518678,3.433626786259339,0,9,,6.854742817374635,0.0,1,0,0
9.0,6.9411569138096025,3.4705784569048013,0,9,,6.867253572518678,0.0,1,0,0
9.0,6.998531111610193,3.4992655558050965,0,9,,6.9411569138096025,0.0,1,0,0
9.0,7.086001616068535,3.5430008080342676,0,9,,6.998531111610193,0.0,1,0,0
9.0,7.300950939748095,3.6504754698740474,0,9,,7.086001616068535,0.0,1,0,0
9.0,7.4633613344090675,3.7316806672045337,0,9,,7.300950939748095,0.0,1,0,0
9.0,7.558688281303254,3.779344140651627,0,9,,7.4633613344090675,0.0,1,0,0
9.0,7.610467537545035,3.8052337687725175,0,9,,7.558688281303254,0.0,1,0,0
9.0,7.70456695073412,3.8522834753670594,0,9,,7.610467537545035,0.0,1,0,0
9.0,7.722422081733385,3.8612110408666926,0,9,,7.70456695073412,0.0,1,0,0
9.0,7.74691510713597,3.8734575535679845,0,9,,7.722422081733385,0.0,1,0,0
9.0,7.799709146780663,3.8998545733903316,0,9,,7.74691510713597,0.0,1,0,0
9.0,7.93661775542789,3.968308877713945,0,9,,7.799709146780663,0.0,1,0,0
9.0,7.985382285576366,3.9926911427881833,0,9,,7.93661775542789,0.0,1,0,0
9.0,7.968046169887626,3.9840230849438125,0,9,,7.985382285576366,0.0,1,0,0
9.0,8.158412141114411,4.0792060705572055,0,9,,7.968046169887626,0.0,1,0,0
9.0,8.194929847683113,4.097464923841557,0,9,,8.158412141114411,0.0,1,0,0
9.0,8.239245700228407,4.119622850114204,0,9,,8.194929847683113,0.0,1,0,0
9.0,8.434240060990623,4.217120030495312,0,9,,8.239245700228407,0.0,1,0,0
9.0,8.493667484056822,4.246833742028411,0,9,,8.434240060990623,0.0,1,0,0
9.0,8.611107653324112,4.305553826662056,0,9,,8.493667484056822,0.0,1,0,0
9.0,8.75918894193234,4.37959447096617,0,9,,8.611107653324112,0.0,1,0,0
9.0,8.895375013367698,4.447687506683849,0,9,,8.75918894193234,0.0,1,0,0
9.0,9.048931257703172,4.524465628851586,0,9,,8.895375013367698,0.0,1,0,0
9.0,9.09988504728,4.54994252364,0,9,,9.048931257703172,0.0,1,0,0
9.0,9.279046572866,4.639523286433,0,9,,9.09988504728,0.0,1,0,0
9.0,9.507045441870211,4.753522720935106,0,9,,9.279046572866,0.0,1,0,0
9.0,9.597667947848427,4.798833973924213,0,9,,9.507045441870211,0.0,1,0,0
9.0,9.674170550567418,4.837085275283709,0,9,,9.597667947848427,0.0,1,0,0
9.0,9.809979701778522,4.904989850889261,0,9,,9.674170550567418,0.0,1,0,0
9.0,10.007910746044834,5.003955373022417,0,9,,9.809979701778522,0.0,1,0,0
9.0,10.093780078075502,5.046890039037751,0,9,,10.007910746044834,0.0,1,0,0
9.0,10.182637087330916,5.091318543665458,0,9,,10.093780078075502,0.0,1,0,0
9.0,10.342990622372103,5.171495311186051,0,9,,10.182637087330916,0.0,1,0,0
9.0,10.289955562670047,5.144977781335023,0,9,,10.342990622372103,0.0,1,0,0
9.0,10.561820599082942,5.280910299541471,0,9,,10.289955562670047,0.0,1,0,0
9.0,10.71619213843503,5.358096069217515,0,9,,10.561820599082942,0.0,1,0,0
9.0,10.720698676752102,5.360349338376051,0,9,,10.71619213843503,0.0,1,0,0
9.0,10.838814908330464,5.419407454165232,0,9,,10.720698676752102,0.0,1,0,0
9.0,11.029402206857213,5.514701103428607,0,9,,10.838814908330464,0.0,1,0,0
9.0,2.5880326634196726,1.2940163317098363,0,9,,11.029402206857213,0.0,1,0,0
9.0,2.7815563153751732,1.3907781576875866,0,9,,2.5880326634196726,0.0,1,0,0
9.0,2.956890288196889,1.4784451440984445,0,9,,2.7815563153751732,0.0,1,0,0
9.0,3.210353227303367,1.6051766136516834,0,9,,2.956890288196889,0.0,1,0,0
9.0,3.445355868671655,1.7226779343358276,0,9,,3.210353227303367,0.0,1,0,0
9.0,3.5343059456053623,1.767152972802681,0,9,,3.445355868671655,0.0,1,0,0
9.0,3.65927390710738,1.8296369535536898,0,9,,3.5343059456053623,0.0,1,0,0
9.0,3.742114702186138,1.871057351093069,0,9,,3.65927390710738,0.0,1,0,0
9.0,3.8638115222632963,1.9319057611316481,0,9,,3.742114702186138,0.0,1,0,0
9.0,3.978610173162226,1.989305086581113,0,9,,3.8638115222632963,0.0,1,0,0
9.0,1.0422217669215403,0.5211108834607702,0,9,,3.978610173162226,0.0,1,0,0
9.0,1.2176043103198655,0.6088021551599327,0,9,,1.0422217669215403,0.0,1,0,0
9.0,1.2128407622271338,0.6064203811135669,0,9,,1.2176043103198655,0.0,1,0,0
9.0,1.1210675068482514,0.5605337534241257,0,9,,1.2128407622271338,0.0,1,0,0
9.0,1.155371685830064,0.577685842915032,0,9,,1.1210675068482514,0.0,1,0,0
9.0,1.2995726680041078,0.6497863340020539,0,9,,1.155371685830064,0.0,1,0,0
9.0,1.2155706697066269,0.6077853348533134,0,9,,1.2995726680041078,0.0,1,0,0
9.0,1.4386865177811399,0.7193432588905699,0,9,,1.2155706697066269,0.0,1,0,0
9.0,1.5451585456384,0.7725792728192,0,9,,1.4386865177811399,0.0,1,0,0
9.0,1.5765148852434692,0.7882574426217346,0,9,,1.5451585456384,0.0,1,0,0
9.0,1.8376027044445309,0.9188013522222654,0,9,,1.5765148852434692,0.0,1,0,0
9.0,1.925514451386905,0.9627572256934526,0,9,,1.8376027044445309,0.0,1,0,0
9.0,2.005221620285987,1.0026108101429936,0,9,,1.925514451386905,0.0,1,0,0
9.0,2.30384203852143,1.151921019260715,0,9,,2.005221620285987,0.0,1,0,0
9.0,2.427062782421472,1.213531391210736,0,9,,2.30384203852143,0.0,1,0,0
9.0,2.5392636302856726,1.2696318151428363,0,9,,2.427062782421472,0.0,1,0,0
9.0,2.5646587022646763,1.2823293511323381,0,9,,2.5392636302856726,0.0,1,0,0
9.0,2.8004650962621795,1.4002325481310898,0,9,,2.5646587022646763,0.0,1,0,0
9.0,2.798115626742018,1.399057813371009,0,9,,2.8004650962621795,0.0,1,0,0
9.0,2.80391460016711,1.401957300083555,0,9,,2.798115626742018,0.0,1,0,0
9.0,2.892103505768068,1.446051752884034,0,9,,2.80391460016711,0.0,1,0,0
9.0,2.8645492094590868,1.4322746047295434,0,9,,2.892103505768068,0.0,1,0,0
9.0,3.0656260658742447,1.5328130329371223,0,9,,2.8645492094590868,0.0,1,0,0
9.0,3.3315343010569465,1.6657671505284732,0,9,inf,3.0656260658742447,0.0,1,0,0
